id;sample;species;part;year;biomass
LM_10_1;B.nana_C;B.nana;C;2010;0
LM_10_1;B.nana_IFR;B.nana;IFR;2010;0
LM_10_1;B.pubescens_C;B.pubescens;C;2010;0
LM_10_1;D.octopetala_L;D.octopetala;L;2010;35,75240128
LM_10_1;E.nigrum_B;E.nigrum;B;2010;0
LM_10_1;S.herbacea_Sb;S.herbacea;Sb;2010;0
LM_10_1;S.phylicifolia_Sb;S.phylicifolia;Sb;2010;0
LM_10_1;Vaccinium_B;Vaccinium;B;2010;0
LM_10_11;B.nana_C;B.nana;C;2010;0
LM_10_11;B.nana_IFR;B.nana;IFR;2010;0
LM_10_11;B.pubescens_C;B.pubescens;C;2010;0
LM_10_11;D.octopetala_L;D.octopetala;L;2010;24,61783598
LM_10_11;E.nigrum_B;E.nigrum;B;2010;0
LM_10_11;S.herbacea_Sb;S.herbacea;Sb;2010;0
LM_10_11;S.phylicifolia_Sb;S.phylicifolia;Sb;2010;0
LM_10_11;Vaccinium_B;Vaccinium;B;2010;0
LM_10_12;B.nana_C;B.nana;C;2010;0
LM_10_12;B.nana_IFR;B.nana;IFR;2010;0
LM_10_12;B.pubescens_C;B.pubescens;C;2010;0
LM_10_12;D.octopetala_L;D.octopetala;L;2010;0
LM_10_12;E.nigrum_B;E.nigrum;B;2010;0
LM_10_12;S.herbacea_Sb;S.herbacea;Sb;2010;72,02
LM_10_12;S.phylicifolia_Sb;S.phylicifolia;Sb;2010;0
LM_10_12;Vaccinium_B;Vaccinium;B;2010;0
LM_10_131;B.nana_C;B.nana;C;2010;0
LM_10_131;B.nana_IFR;B.nana;IFR;2010;0
LM_10_131;B.pubescens_C;B.pubescens;C;2010;0
LM_10_131;D.octopetala_L;D.octopetala;L;2010;0
LM_10_131;E.nigrum_B;E.nigrum;B;2010;0
LM_10_131;S.herbacea_Sb;S.herbacea;Sb;2010;80,90749321
LM_10_131;S.phylicifolia_Sb;S.phylicifolia;Sb;2010;0
LM_10_131;Vaccinium_B;Vaccinium;B;2010;0
LM_10_134;B.nana_C;B.nana;C;2010;0
LM_10_134;B.nana_IFR;B.nana;IFR;2010;0
LM_10_134;B.pubescens_C;B.pubescens;C;2010;0
LM_10_134;D.octopetala_L;D.octopetala;L;2010;0
LM_10_134;E.nigrum_B;E.nigrum;B;2010;0
LM_10_134;S.herbacea_Sb;S.herbacea;Sb;2010;73,16523165
LM_10_134;S.phylicifolia_Sb;S.phylicifolia;Sb;2010;0
LM_10_134;Vaccinium_B;Vaccinium;B;2010;0
LM_10_191;B.nana_C;B.nana;C;2010;0
LM_10_191;B.nana_IFR;B.nana;IFR;2010;36,39680555
LM_10_191;B.pubescens_C;B.pubescens;C;2010;0
LM_10_191;D.octopetala_L;D.octopetala;L;2010;0
LM_10_191;E.nigrum_B;E.nigrum;B;2010;0
LM_10_191;S.herbacea_Sb;S.herbacea;Sb;2010;0
LM_10_191;S.phylicifolia_Sb;S.phylicifolia;Sb;2010;0
LM_10_191;Vaccinium_B;Vaccinium;B;2010;41,27522772
LM_10_200;B.nana_C;B.nana;C;2010;0
LM_10_200;B.nana_IFR;B.nana;IFR;2010;0
LM_10_200;B.pubescens_C;B.pubescens;C;2010;0
LM_10_200;D.octopetala_L;D.octopetala;L;2010;0
LM_10_200;E.nigrum_B;E.nigrum;B;2010;0
LM_10_200;S.herbacea_Sb;S.herbacea;Sb;2010;0
LM_10_200;S.phylicifolia_Sb;S.phylicifolia;Sb;2010;58,79332478
LM_10_200;Vaccinium_B;Vaccinium;B;2010;0
LM_10_220;B.nana_C;B.nana;C;2010;0
LM_10_220;B.nana_IFR;B.nana;IFR;2010;0
LM_10_220;B.pubescens_C;B.pubescens;C;2010;20,42636422
LM_10_220;D.octopetala_L;D.octopetala;L;2010;33,61216356
LM_10_220;E.nigrum_B;E.nigrum;B;2010;0
LM_10_220;S.herbacea_Sb;S.herbacea;Sb;2010;0
LM_10_220;S.phylicifolia_Sb;S.phylicifolia;Sb;2010;0
LM_10_220;Vaccinium_B;Vaccinium;B;2010;14,62505536
LM_10_226;B.nana_C;B.nana;C;2010;0
LM_10_226;B.nana_IFR;B.nana;IFR;2010;0
LM_10_226;B.pubescens_C;B.pubescens;C;2010;51,08243616
LM_10_226;D.octopetala_L;D.octopetala;L;2010;0
LM_10_226;E.nigrum_B;E.nigrum;B;2010;0
LM_10_226;S.herbacea_Sb;S.herbacea;Sb;2010;0
LM_10_226;S.phylicifolia_Sb;S.phylicifolia;Sb;2010;0
LM_10_226;Vaccinium_B;Vaccinium;B;2010;0
LM_10_23;B.nana_C;B.nana;C;2010;0
LM_10_23;B.nana_IFR;B.nana;IFR;2010;0
LM_10_23;B.pubescens_C;B.pubescens;C;2010;0
LM_10_23;D.octopetala_L;D.octopetala;L;2010;0
LM_10_23;E.nigrum_B;E.nigrum;B;2010;21,01
LM_10_23;S.herbacea_Sb;S.herbacea;Sb;2010;0
LM_10_23;S.phylicifolia_Sb;S.phylicifolia;Sb;2010;0
LM_10_23;Vaccinium_B;Vaccinium;B;2010;53,90574144
LM_10_23;Vaccinium_B;Vaccinium;B;2010;53,91
LM_10_24;B.nana_C;B.nana;C;2010;0
LM_10_24;B.nana_IFR;B.nana;IFR;2010;0
LM_10_24;B.pubescens_C;B.pubescens;C;2010;0
LM_10_24;D.octopetala_L;D.octopetala;L;2010;0
LM_10_24;E.nigrum_B;E.nigrum;B;2010;0
LM_10_24;S.herbacea_Sb;S.herbacea;Sb;2010;0
LM_10_24;S.phylicifolia_Sb;S.phylicifolia;Sb;2010;0
LM_10_24;Vaccinium_B;Vaccinium;B;2010;73,07372275
LM_10_257;B.nana_C;B.nana;C;2010;0
LM_10_257;B.nana_IFR;B.nana;IFR;2010;0
LM_10_257;B.pubescens_C;B.pubescens;C;2010;58,87715616
LM_10_257;D.octopetala_L;D.octopetala;L;2010;0
LM_10_257;E.nigrum_B;E.nigrum;B;2010;0
LM_10_257;S.herbacea_Sb;S.herbacea;Sb;2010;0
LM_10_257;S.phylicifolia_Sb;S.phylicifolia;Sb;2010;0
LM_10_257;Vaccinium_B;Vaccinium;B;2010;0
LM_10_258;B.nana_C;B.nana;C;2010;0
LM_10_258;B.nana_IFR;B.nana;IFR;2010;37,64184638
LM_10_258;B.pubescens_C;B.pubescens;C;2010;0
LM_10_258;D.octopetala_L;D.octopetala;L;2010;0
LM_10_258;E.nigrum_B;E.nigrum;B;2010;0
LM_10_258;S.herbacea_Sb;S.herbacea;Sb;2010;0
LM_10_258;S.phylicifolia_Sb;S.phylicifolia;Sb;2010;0
LM_10_258;Vaccinium_B;Vaccinium;B;2010;0
LM_10_265;B.nana_C;B.nana;C;2010;0
LM_10_265;B.nana_IFR;B.nana;IFR;2010;0
LM_10_265;B.pubescens_C;B.pubescens;C;2010;0
LM_10_265;D.octopetala_L;D.octopetala;L;2010;0
LM_10_265;E.nigrum_B;E.nigrum;B;2010;0
LM_10_265;S.herbacea_Sb;S.herbacea;Sb;2010;0
LM_10_265;S.phylicifolia_Sb;S.phylicifolia;Sb;2010;0
LM_10_265;Vaccinium_B;Vaccinium;B;2010;64,13913439
LM_10_268;B.nana_C;B.nana;C;2010;0
LM_10_268;B.nana_IFR;B.nana;IFR;2010;0
LM_10_268;B.pubescens_C;B.pubescens;C;2010;0
LM_10_268;D.octopetala_L;D.octopetala;L;2010;0
LM_10_268;E.nigrum_B;E.nigrum;B;2010;0
LM_10_268;S.herbacea_Sb;S.herbacea;Sb;2010;0
LM_10_268;S.phylicifolia_Sb;S.phylicifolia;Sb;2010;0
LM_10_268;Vaccinium_B;Vaccinium;B;2010;26,49
LM_10_270;B.nana_C;B.nana;C;2010;0
LM_10_270;B.nana_IFR;B.nana;IFR;2010;52,14563646
LM_10_270;B.pubescens_C;B.pubescens;C;2010;0
LM_10_270;D.octopetala_L;D.octopetala;L;2010;0
LM_10_270;E.nigrum_B;E.nigrum;B;2010;0
LM_10_270;S.herbacea_Sb;S.herbacea;Sb;2010;0
LM_10_270;S.phylicifolia_Sb;S.phylicifolia;Sb;2010;0
LM_10_270;Vaccinium_B;Vaccinium;B;2010;0
LM_10_287;B.nana_C;B.nana;C;2010;0
LM_10_287;B.nana_IFR;B.nana;IFR;2010;0
LM_10_287;B.pubescens_C;B.pubescens;C;2010;0
LM_10_287;D.octopetala_L;D.octopetala;L;2010;29,24432082
LM_10_287;E.nigrum_B;E.nigrum;B;2010;0
LM_10_287;S.herbacea_Sb;S.herbacea;Sb;2010;0
LM_10_287;S.phylicifolia_Sb;S.phylicifolia;Sb;2010;0
LM_10_287;Vaccinium_B;Vaccinium;B;2010;0
LM_10_295;B.nana_C;B.nana;C;2010;0
LM_10_295;B.nana_IFR;B.nana;IFR;2010;0
LM_10_295;B.pubescens_C;B.pubescens;C;2010;24,57733847
LM_10_295;D.octopetala_L;D.octopetala;L;2010;35,33056011
LM_10_295;E.nigrum_B;E.nigrum;B;2010;2,94
LM_10_295;S.herbacea_Sb;S.herbacea;Sb;2010;0
LM_10_295;S.phylicifolia_Sb;S.phylicifolia;Sb;2010;0
LM_10_295;Vaccinium_B;Vaccinium;B;2010;22,16
LM_10_324;B.nana_C;B.nana;C;2010;0
LM_10_324;B.nana_IFR;B.nana;IFR;2010;0
LM_10_324;B.pubescens_C;B.pubescens;C;2010;47,4122807
LM_10_324;D.octopetala_L;D.octopetala;L;2010;0
LM_10_324;E.nigrum_B;E.nigrum;B;2010;0
LM_10_324;S.herbacea_Sb;S.herbacea;Sb;2010;0
LM_10_324;S.phylicifolia_Sb;S.phylicifolia;Sb;2010;0
LM_10_324;Vaccinium_B;Vaccinium;B;2010;0
LM_10_327;B.nana_C;B.nana;C;2010;0
LM_10_327;B.nana_IFR;B.nana;IFR;2010;38,49634528
LM_10_327;B.pubescens_C;B.pubescens;C;2010;0
LM_10_327;D.octopetala_L;D.octopetala;L;2010;0
LM_10_327;E.nigrum_B;E.nigrum;B;2010;0
LM_10_327;S.herbacea_Sb;S.herbacea;Sb;2010;0
LM_10_327;S.phylicifolia_Sb;S.phylicifolia;Sb;2010;0
LM_10_327;Vaccinium_B;Vaccinium;B;2010;0
LM_10_34;B.nana_C;B.nana;C;2010;0
LM_10_34;B.nana_IFR;B.nana;IFR;2010;0
LM_10_34;B.pubescens_C;B.pubescens;C;2010;0
LM_10_34;D.octopetala_L;D.octopetala;L;2010;0
LM_10_34;E.nigrum_B;E.nigrum;B;2010;0
LM_10_34;S.herbacea_Sb;S.herbacea;Sb;2010;0
LM_10_34;S.phylicifolia_Sb;S.phylicifolia;Sb;2010;0
LM_10_34;Vaccinium_B;Vaccinium;B;2010;57,10642533
LM_10_53;B.nana_C;B.nana;C;2010;0
LM_10_53;B.nana_IFR;B.nana;IFR;2010;63,45495495
LM_10_53;B.pubescens_C;B.pubescens;C;2010;0
LM_10_53;D.octopetala_L;D.octopetala;L;2010;0
LM_10_53;E.nigrum_B;E.nigrum;B;2010;0
LM_10_53;S.herbacea_Sb;S.herbacea;Sb;2010;0
LM_10_53;S.phylicifolia_Sb;S.phylicifolia;Sb;2010;0
LM_10_53;Vaccinium_B;Vaccinium;B;2010;0
LM_10_67;B.nana_C;B.nana;C;2010;0
LM_10_67;B.nana_IFR;B.nana;IFR;2010;0
LM_10_67;B.pubescens_C;B.pubescens;C;2010;0
LM_10_67;D.octopetala_L;D.octopetala;L;2010;0
LM_10_67;E.nigrum_B;E.nigrum;B;2010;73,10453937
LM_10_67;S.herbacea_Sb;S.herbacea;Sb;2010;0
LM_10_67;S.phylicifolia_Sb;S.phylicifolia;Sb;2010;0
LM_10_67;Vaccinium_B;Vaccinium;B;2010;0
LM_10_68;B.nana_C;B.nana;C;2010;0
LM_10_68;B.nana_IFR;B.nana;IFR;2010;0
LM_10_68;B.pubescens_C;B.pubescens;C;2010;0
LM_10_68;D.octopetala_L;D.octopetala;L;2010;0
LM_10_68;E.nigrum_B;E.nigrum;B;2010;0
LM_10_68;S.herbacea_Sb;S.herbacea;Sb;2010;0
LM_10_68;S.phylicifolia_Sb;S.phylicifolia;Sb;2010;0
LM_10_68;Vaccinium_B;Vaccinium;B;2010;69,67560985
LM_10_93;B.nana_C;B.nana;C;2010;0
LM_10_93;B.nana_IFR;B.nana;IFR;2010;29,5385816
LM_10_93;B.pubescens_C;B.pubescens;C;2010;0
LM_10_93;D.octopetala_L;D.octopetala;L;2010;0
LM_10_93;E.nigrum_B;E.nigrum;B;2010;0
LM_10_93;S.herbacea_Sb;S.herbacea;Sb;2010;0
LM_10_93;S.phylicifolia_Sb;S.phylicifolia;Sb;2010;0
LM_10_93;Vaccinium_B;Vaccinium;B;2010;0
LM_10_94;B.nana_C;B.nana;C;2010;0
LM_10_94;B.nana_IFR;B.nana;IFR;2010;45,16608416
LM_10_94;B.pubescens_C;B.pubescens;C;2010;0
LM_10_94;D.octopetala_L;D.octopetala;L;2010;0
LM_10_94;E.nigrum_B;E.nigrum;B;2010;0
LM_10_94;S.herbacea_Sb;S.herbacea;Sb;2010;0
LM_10_94;S.phylicifolia_Sb;S.phylicifolia;Sb;2010;0
LM_10_94;Vaccinium_B;Vaccinium;B;2010;25,87995707
LM_10_99;B.nana_C;B.nana;C;2010;0
LM_10_99;B.nana_IFR;B.nana;IFR;2010;0
LM_10_99;B.pubescens_C;B.pubescens;C;2010;0
LM_10_99;D.octopetala_L;D.octopetala;L;2010;0
LM_10_99;E.nigrum_B;E.nigrum;B;2010;0
LM_10_99;S.herbacea_Sb;S.herbacea;Sb;2010;85,60343254
LM_10_99;S.phylicifolia_Sb;S.phylicifolia;Sb;2010;0
LM_10_99;Vaccinium_B;Vaccinium;B;2010;0
LM_11_103;B.nana_C;B.nana;C;2011;0
LM_11_103;B.nana_IFR;B.nana;IFR;2011;0
LM_11_103;B.pubescens_C;B.pubescens;C;2011;0
LM_11_103;D.octopetala_L;D.octopetala;L;2011;87,66417953
LM_11_103;E.nigrum_B;E.nigrum;B;2011;0
LM_11_103;S.herbacea_Sb;S.herbacea;Sb;2011;0
LM_11_103;S.phylicifolia_Sb;S.phylicifolia;Sb;2011;0
LM_11_103;Vaccinium_B;Vaccinium;B;2011;0
LM_11_11;B.nana_C;B.nana;C;2011;0
LM_11_11;B.nana_IFR;B.nana;IFR;2011;0
LM_11_11;B.pubescens_C;B.pubescens;C;2011;0
LM_11_11;D.octopetala_L;D.octopetala;L;2011;0
LM_11_11;E.nigrum_B;E.nigrum;B;2011;56,73144345
LM_11_11;S.herbacea_Sb;S.herbacea;Sb;2011;0
LM_11_11;S.phylicifolia_Sb;S.phylicifolia;Sb;2011;0
LM_11_11;Vaccinium_B;Vaccinium;B;2011;0
LM_11_115;B.nana_C;B.nana;C;2011;0
LM_11_115;B.nana_IFR;B.nana;IFR;2011;0
LM_11_115;B.pubescens_C;B.pubescens;C;2011;0
LM_11_115;D.octopetala_L;D.octopetala;L;2011;0
LM_11_115;E.nigrum_B;E.nigrum;B;2011;0
LM_11_115;S.herbacea_Sb;S.herbacea;Sb;2011;0
LM_11_115;S.phylicifolia_Sb;S.phylicifolia;Sb;2011;0
LM_11_115;Vaccinium_B;Vaccinium;B;2011;36,45232351
LM_11_124;B.nana_C;B.nana;C;2011;0
LM_11_124;B.nana_IFR;B.nana;IFR;2011;0
LM_11_124;B.pubescens_C;B.pubescens;C;2011;0
LM_11_124;D.octopetala_L;D.octopetala;L;2011;0
LM_11_124;E.nigrum_B;E.nigrum;B;2011;44,48110378
LM_11_124;S.herbacea_Sb;S.herbacea;Sb;2011;0
LM_11_124;S.phylicifolia_Sb;S.phylicifolia;Sb;2011;0
LM_11_124;Vaccinium_B;Vaccinium;B;2011;0
LM_11_128;B.nana_C;B.nana;C;2011;0
LM_11_128;B.nana_IFR;B.nana;IFR;2011;0
LM_11_128;B.pubescens_C;B.pubescens;C;2011;0
LM_11_128;D.octopetala_L;D.octopetala;L;2011;19,07067165
LM_11_128;E.nigrum_B;E.nigrum;B;2011;0
LM_11_128;S.herbacea_Sb;S.herbacea;Sb;2011;0
LM_11_128;S.phylicifolia_Sb;S.phylicifolia;Sb;2011;0
LM_11_128;Vaccinium_B;Vaccinium;B;2011;0
LM_11_13;B.nana_C;B.nana;C;2011;0
LM_11_13;B.nana_IFR;B.nana;IFR;2011;0
LM_11_13;B.pubescens_C;B.pubescens;C;2011;0
LM_11_13;D.octopetala_L;D.octopetala;L;2011;57,88667688
LM_11_13;E.nigrum_B;E.nigrum;B;2011;0
LM_11_13;S.herbacea_Sb;S.herbacea;Sb;2011;0
LM_11_13;S.phylicifolia_Sb;S.phylicifolia;Sb;2011;0
LM_11_13;Vaccinium_B;Vaccinium;B;2011;0
LM_11_131;B.nana_C;B.nana;C;2011;0
LM_11_131;B.nana_IFR;B.nana;IFR;2011;0
LM_11_131;B.pubescens_C;B.pubescens;C;2011;0
LM_11_131;D.octopetala_L;D.octopetala;L;2011;0
LM_11_131;E.nigrum_B;E.nigrum;B;2011;0
LM_11_131;S.herbacea_Sb;S.herbacea;Sb;2011;0
LM_11_131;S.phylicifolia_Sb;S.phylicifolia;Sb;2011;0
LM_11_131;Vaccinium_B;Vaccinium;B;2011;99,00455063
LM_11_137;B.nana_C;B.nana;C;2011;53,63076955
LM_11_137;B.nana_IFR;B.nana;IFR;2011;0
LM_11_137;B.pubescens_C;B.pubescens;C;2011;0
LM_11_137;D.octopetala_L;D.octopetala;L;2011;0
LM_11_137;E.nigrum_B;E.nigrum;B;2011;0
LM_11_137;S.herbacea_Sb;S.herbacea;Sb;2011;0
LM_11_137;S.phylicifolia_Sb;S.phylicifolia;Sb;2011;14,29559821
LM_11_137;Vaccinium_B;Vaccinium;B;2011;0
LM_11_138;B.nana_C;B.nana;C;2011;58,67649876
LM_11_138;B.nana_IFR;B.nana;IFR;2011;0
LM_11_138;B.pubescens_C;B.pubescens;C;2011;0
LM_11_138;D.octopetala_L;D.octopetala;L;2011;0
LM_11_138;E.nigrum_B;E.nigrum;B;2011;0
LM_11_138;S.herbacea_Sb;S.herbacea;Sb;2011;0
LM_11_138;S.phylicifolia_Sb;S.phylicifolia;Sb;2011;0
LM_11_138;Vaccinium_B;Vaccinium;B;2011;0
LM_11_152;B.nana_C;B.nana;C;2011;0
LM_11_152;B.nana_IFR;B.nana;IFR;2011;0
LM_11_152;B.pubescens_C;B.pubescens;C;2011;0
LM_11_152;D.octopetala_L;D.octopetala;L;2011;14,59588353
LM_11_152;E.nigrum_B;E.nigrum;B;2011;45,72038153
LM_11_152;S.herbacea_Sb;S.herbacea;Sb;2011;0
LM_11_152;S.phylicifolia_Sb;S.phylicifolia;Sb;2011;0
LM_11_152;Vaccinium_B;Vaccinium;B;2011;0
LM_11_156;B.nana_C;B.nana;C;2011;61,07146476
LM_11_156;B.nana_IFR;B.nana;IFR;2011;0
LM_11_156;B.pubescens_C;B.pubescens;C;2011;0
LM_11_156;D.octopetala_L;D.octopetala;L;2011;0
LM_11_156;E.nigrum_B;E.nigrum;B;2011;0
LM_11_156;S.herbacea_Sb;S.herbacea;Sb;2011;0
LM_11_156;S.phylicifolia_Sb;S.phylicifolia;Sb;2011;0
LM_11_156;Vaccinium_B;Vaccinium;B;2011;0
LM_11_16;B.nana_C;B.nana;C;2011;0
LM_11_16;B.nana_IFR;B.nana;IFR;2011;0
LM_11_16;B.pubescens_C;B.pubescens;C;2011;0
LM_11_16;D.octopetala_L;D.octopetala;L;2011;0
LM_11_16;E.nigrum_B;E.nigrum;B;2011;67,20460912
LM_11_16;S.herbacea_Sb;S.herbacea;Sb;2011;0
LM_11_16;S.phylicifolia_Sb;S.phylicifolia;Sb;2011;0
LM_11_16;Vaccinium_B;Vaccinium;B;2011;0
LM_11_162;B.nana_C;B.nana;C;2011;0
LM_11_162;B.nana_IFR;B.nana;IFR;2011;0
LM_11_162;B.pubescens_C;B.pubescens;C;2011;0
LM_11_162;D.octopetala_L;D.octopetala;L;2011;46,44126405
LM_11_162;E.nigrum_B;E.nigrum;B;2011;0
LM_11_162;S.herbacea_Sb;S.herbacea;Sb;2011;0
LM_11_162;S.phylicifolia_Sb;S.phylicifolia;Sb;2011;0
LM_11_162;Vaccinium_B;Vaccinium;B;2011;0
LM_11_189;B.nana_C;B.nana;C;2011;0
LM_11_189;B.nana_IFR;B.nana;IFR;2011;0
LM_11_189;B.pubescens_C;B.pubescens;C;2011;0
LM_11_189;D.octopetala_L;D.octopetala;L;2011;0
LM_11_189;E.nigrum_B;E.nigrum;B;2011;0
LM_11_189;S.herbacea_Sb;S.herbacea;Sb;2011;0
LM_11_189;S.phylicifolia_Sb;S.phylicifolia;Sb;2011;0
LM_11_189;Vaccinium_B;Vaccinium;B;2011;12,55592575
LM_11_2;B.nana_C;B.nana;C;2011;0
LM_11_2;B.nana_IFR;B.nana;IFR;2011;0
LM_11_2;B.pubescens_C;B.pubescens;C;2011;0
LM_11_2;D.octopetala_L;D.octopetala;L;2011;0
LM_11_2;E.nigrum_B;E.nigrum;B;2011;64,99222049
LM_11_2;S.herbacea_Sb;S.herbacea;Sb;2011;0
LM_11_2;S.phylicifolia_Sb;S.phylicifolia;Sb;2011;0
LM_11_2;Vaccinium_B;Vaccinium;B;2011;0
LM_11_206;B.nana_C;B.nana;C;2011;0
LM_11_206;B.nana_IFR;B.nana;IFR;2011;35,12372421
LM_11_206;B.pubescens_C;B.pubescens;C;2011;0
LM_11_206;D.octopetala_L;D.octopetala;L;2011;0
LM_11_206;E.nigrum_B;E.nigrum;B;2011;0
LM_11_206;S.herbacea_Sb;S.herbacea;Sb;2011;0
LM_11_206;S.phylicifolia_Sb;S.phylicifolia;Sb;2011;0
LM_11_206;Vaccinium_B;Vaccinium;B;2011;0
LM_11_209;B.nana_C;B.nana;C;2011;57,09101755
LM_11_209;B.nana_IFR;B.nana;IFR;2011;0
LM_11_209;B.pubescens_C;B.pubescens;C;2011;0
LM_11_209;D.octopetala_L;D.octopetala;L;2011;0
LM_11_209;E.nigrum_B;E.nigrum;B;2011;0
LM_11_209;S.herbacea_Sb;S.herbacea;Sb;2011;0
LM_11_209;S.phylicifolia_Sb;S.phylicifolia;Sb;2011;0
LM_11_209;Vaccinium_B;Vaccinium;B;2011;0
LM_11_210;B.nana_C;B.nana;C;2011;22,15298646
LM_11_210;B.nana_IFR;B.nana;IFR;2011;67,18861496
LM_11_210;B.pubescens_C;B.pubescens;C;2011;0
LM_11_210;D.octopetala_L;D.octopetala;L;2011;0
LM_11_210;E.nigrum_B;E.nigrum;B;2011;0
LM_11_210;S.herbacea_Sb;S.herbacea;Sb;2011;0
LM_11_210;S.phylicifolia_Sb;S.phylicifolia;Sb;2011;0
LM_11_210;Vaccinium_B;Vaccinium;B;2011;0
LM_11_221;B.nana_C;B.nana;C;2011;0
LM_11_221;B.nana_IFR;B.nana;IFR;2011;34,16363467
LM_11_221;B.pubescens_C;B.pubescens;C;2011;0
LM_11_221;D.octopetala_L;D.octopetala;L;2011;26,1451628
LM_11_221;E.nigrum_B;E.nigrum;B;2011;0
LM_11_221;S.herbacea_Sb;S.herbacea;Sb;2011;0
LM_11_221;S.phylicifolia_Sb;S.phylicifolia;Sb;2011;0
LM_11_221;Vaccinium_B;Vaccinium;B;2011;0
LM_11_26;B.nana_C;B.nana;C;2011;0
LM_11_26;B.nana_IFR;B.nana;IFR;2011;0
LM_11_26;B.pubescens_C;B.pubescens;C;2011;0
LM_11_26;D.octopetala_L;D.octopetala;L;2011;0
LM_11_26;E.nigrum_B;E.nigrum;B;2011;0
LM_11_26;S.herbacea_Sb;S.herbacea;Sb;2011;93,0246526
LM_11_26;S.phylicifolia_Sb;S.phylicifolia;Sb;2011;0
LM_11_26;Vaccinium_B;Vaccinium;B;2011;0
LM_11_3;B.nana_C;B.nana;C;2011;0
LM_11_3;B.nana_IFR;B.nana;IFR;2011;0
LM_11_3;B.pubescens_C;B.pubescens;C;2011;0
LM_11_3;D.octopetala_L;D.octopetala;L;2011;52,76820733
LM_11_3;E.nigrum_B;E.nigrum;B;2011;0
LM_11_3;S.herbacea_Sb;S.herbacea;Sb;2011;0
LM_11_3;S.phylicifolia_Sb;S.phylicifolia;Sb;2011;0
LM_11_3;Vaccinium_B;Vaccinium;B;2011;0
LM_11_35;B.nana_C;B.nana;C;2011;0
LM_11_35;B.nana_IFR;B.nana;IFR;2011;0
LM_11_35;B.pubescens_C;B.pubescens;C;2011;0
LM_11_35;D.octopetala_L;D.octopetala;L;2011;0
LM_11_35;E.nigrum_B;E.nigrum;B;2011;62,85289747
LM_11_35;S.herbacea_Sb;S.herbacea;Sb;2011;0
LM_11_35;S.phylicifolia_Sb;S.phylicifolia;Sb;2011;0
LM_11_35;Vaccinium_B;Vaccinium;B;2011;0
LM_11_42;B.nana_C;B.nana;C;2011;0
LM_11_42;B.nana_IFR;B.nana;IFR;2011;0
LM_11_42;B.pubescens_C;B.pubescens;C;2011;0
LM_11_42;D.octopetala_L;D.octopetala;L;2011;0
LM_11_42;E.nigrum_B;E.nigrum;B;2011;0
LM_11_42;S.herbacea_Sb;S.herbacea;Sb;2011;0
LM_11_42;S.phylicifolia_Sb;S.phylicifolia;Sb;2011;0
LM_11_42;Vaccinium_B;Vaccinium;B;2011;29,57700115
LM_11_83;B.nana_C;B.nana;C;2011;0
LM_11_83;B.nana_IFR;B.nana;IFR;2011;0
LM_11_83;B.pubescens_C;B.pubescens;C;2011;0
LM_11_83;D.octopetala_L;D.octopetala;L;2011;0
LM_11_83;E.nigrum_B;E.nigrum;B;2011;0
LM_11_83;S.herbacea_Sb;S.herbacea;Sb;2011;0
LM_11_83;S.phylicifolia_Sb;S.phylicifolia;Sb;2011;0
LM_11_83;Vaccinium_B;Vaccinium;B;2011;90,97148216
LM_11_86;B.nana_C;B.nana;C;2011;0
LM_11_86;B.nana_IFR;B.nana;IFR;2011;0
LM_11_86;B.pubescens_C;B.pubescens;C;2011;0
LM_11_86;D.octopetala_L;D.octopetala;L;2011;0
LM_11_86;E.nigrum_B;E.nigrum;B;2011;0
LM_11_86;S.herbacea_Sb;S.herbacea;Sb;2011;0
LM_11_86;S.phylicifolia_Sb;S.phylicifolia;Sb;2011;0
LM_11_86;Vaccinium_B;Vaccinium;B;2011;100
LM_11_91;B.nana_C;B.nana;C;2011;0
LM_11_91;B.nana_IFR;B.nana;IFR;2011;0
LM_11_91;B.pubescens_C;B.pubescens;C;2011;0
LM_11_91;D.octopetala_L;D.octopetala;L;2011;0
LM_11_91;E.nigrum_B;E.nigrum;B;2011;53,44
LM_11_91;S.herbacea_Sb;S.herbacea;Sb;2011;0
LM_11_91;S.phylicifolia_Sb;S.phylicifolia;Sb;2011;0
LM_11_91;Vaccinium_B;Vaccinium;B;2011;0
LM_11_92;B.nana_C;B.nana;C;2011;0
LM_11_92;B.nana_IFR;B.nana;IFR;2011;0
LM_11_92;B.pubescens_C;B.pubescens;C;2011;0
LM_11_92;D.octopetala_L;D.octopetala;L;2011;0
LM_11_92;E.nigrum_B;E.nigrum;B;2011;61,62702577
LM_11_92;S.herbacea_Sb;S.herbacea;Sb;2011;0
LM_11_92;S.phylicifolia_Sb;S.phylicifolia;Sb;2011;0
LM_11_92;Vaccinium_B;Vaccinium;B;2011;0
LM_12_106;B.nana_C;B.nana;C;2012;0
LM_12_106;B.nana_IFR;B.nana;IFR;2012;0
LM_12_106;B.pubescens_C;B.pubescens;C;2012;0
LM_12_106;D.octopetala_L;D.octopetala;L;2012;0
LM_12_106;E.nigrum_B;E.nigrum;B;2012;48,94
LM_12_106;S.herbacea_Sb;S.herbacea;Sb;2012;0
LM_12_106;S.phylicifolia_Sb;S.phylicifolia;Sb;2012;0
LM_12_106;Vaccinium_B;Vaccinium;B;2012;0
LM_12_198;B.nana_C;B.nana;C;2012;0
LM_12_198;B.nana_IFR;B.nana;IFR;2012;0
LM_12_198;B.pubescens_C;B.pubescens;C;2012;0
LM_12_198;D.octopetala_L;D.octopetala;L;2012;0
LM_12_198;E.nigrum_B;E.nigrum;B;2012;0
LM_12_198;S.herbacea_Sb;S.herbacea;Sb;2012;0
LM_12_198;S.phylicifolia_Sb;S.phylicifolia;Sb;2012;0
LM_12_198;Vaccinium_B;Vaccinium;B;2012;55,88766324
LM_12_199;B.nana_C;B.nana;C;2012;0
LM_12_199;B.nana_IFR;B.nana;IFR;2012;0
LM_12_199;B.pubescens_C;B.pubescens;C;2012;0
LM_12_199;D.octopetala_L;D.octopetala;L;2012;0
LM_12_199;E.nigrum_B;E.nigrum;B;2012;19,01
LM_12_199;S.herbacea_Sb;S.herbacea;Sb;2012;0
LM_12_199;S.phylicifolia_Sb;S.phylicifolia;Sb;2012;0
LM_12_199;Vaccinium_B;Vaccinium;B;2012;0
LM_12_2;B.nana_C;B.nana;C;2012;0
LM_12_2;B.nana_IFR;B.nana;IFR;2012;0
LM_12_2;B.pubescens_C;B.pubescens;C;2012;0
LM_12_2;D.octopetala_L;D.octopetala;L;2012;64,13193687
LM_12_2;E.nigrum_B;E.nigrum;B;2012;0
LM_12_2;S.herbacea_Sb;S.herbacea;Sb;2012;0
LM_12_2;S.phylicifolia_Sb;S.phylicifolia;Sb;2012;0
LM_12_2;Vaccinium_B;Vaccinium;B;2012;0
LM_12_200;B.nana_C;B.nana;C;2012;0
LM_12_200;B.nana_IFR;B.nana;IFR;2012;0
LM_12_200;B.pubescens_C;B.pubescens;C;2012;0
LM_12_200;D.octopetala_L;D.octopetala;L;2012;0
LM_12_200;E.nigrum_B;E.nigrum;B;2012;0
LM_12_200;S.herbacea_Sb;S.herbacea;Sb;2012;0
LM_12_200;S.phylicifolia_Sb;S.phylicifolia;Sb;2012;0
LM_12_200;Vaccinium_B;Vaccinium;B;2012;30,01032411
LM_12_40;B.nana_C;B.nana;C;2012;0
LM_12_40;B.nana_IFR;B.nana;IFR;2012;0
LM_12_40;B.pubescens_C;B.pubescens;C;2012;0
LM_12_40;D.octopetala_L;D.octopetala;L;2012;0
LM_12_40;E.nigrum_B;E.nigrum;B;2012;0
LM_12_40;S.herbacea_Sb;S.herbacea;Sb;2012;98,77972247
LM_12_40;S.phylicifolia_Sb;S.phylicifolia;Sb;2012;0
LM_12_40;Vaccinium_B;Vaccinium;B;2012;0
LM_12_45;B.nana_C;B.nana;C;2012;0
LM_12_45;B.nana_IFR;B.nana;IFR;2012;0
LM_12_45;B.pubescens_C;B.pubescens;C;2012;0
LM_12_45;D.octopetala_L;D.octopetala;L;2012;0
LM_12_45;E.nigrum_B;E.nigrum;B;2012;0
LM_12_45;S.herbacea_Sb;S.herbacea;Sb;2012;0
LM_12_45;S.phylicifolia_Sb;S.phylicifolia;Sb;2012;0
LM_12_45;Vaccinium_B;Vaccinium;B;2012;60,510306
LM_12_48;B.nana_C;B.nana;C;2012;0
LM_12_48;B.nana_IFR;B.nana;IFR;2012;0
LM_12_48;B.pubescens_C;B.pubescens;C;2012;0
LM_12_48;D.octopetala_L;D.octopetala;L;2012;21,70271637
LM_12_48;E.nigrum_B;E.nigrum;B;2012;0
LM_12_48;S.herbacea_Sb;S.herbacea;Sb;2012;0
LM_12_48;S.phylicifolia_Sb;S.phylicifolia;Sb;2012;0
LM_12_48;Vaccinium_B;Vaccinium;B;2012;0
LM_12_51;B.nana_C;B.nana;C;2012;0
LM_12_51;B.nana_IFR;B.nana;IFR;2012;0
LM_12_51;B.pubescens_C;B.pubescens;C;2012;0
LM_12_51;D.octopetala_L;D.octopetala;L;2012;32,34098078
LM_12_51;E.nigrum_B;E.nigrum;B;2012;17,64
LM_12_51;S.herbacea_Sb;S.herbacea;Sb;2012;0
LM_12_51;S.phylicifolia_Sb;S.phylicifolia;Sb;2012;0
LM_12_51;Vaccinium_B;Vaccinium;B;2012;0
LM_12_53;B.nana_C;B.nana;C;2012;0
LM_12_53;B.nana_IFR;B.nana;IFR;2012;0
LM_12_53;B.pubescens_C;B.pubescens;C;2012;0
LM_12_53;D.octopetala_L;D.octopetala;L;2012;42,01423051
LM_12_53;E.nigrum_B;E.nigrum;B;2012;0
LM_12_53;S.herbacea_Sb;S.herbacea;Sb;2012;0
LM_12_53;S.phylicifolia_Sb;S.phylicifolia;Sb;2012;0
LM_12_53;Vaccinium_B;Vaccinium;B;2012;0
LM_12_54;B.nana_C;B.nana;C;2012;0
LM_12_54;B.nana_IFR;B.nana;IFR;2012;0
LM_12_54;B.pubescens_C;B.pubescens;C;2012;0
LM_12_54;D.octopetala_L;D.octopetala;L;2012;36,41598484
LM_12_54;E.nigrum_B;E.nigrum;B;2012;0
LM_12_54;S.herbacea_Sb;S.herbacea;Sb;2012;0
LM_12_54;S.phylicifolia_Sb;S.phylicifolia;Sb;2012;0
LM_12_54;Vaccinium_B;Vaccinium;B;2012;16,39393553
LM_12_55;B.nana_C;B.nana;C;2012;0
LM_12_55;B.nana_IFR;B.nana;IFR;2012;0
LM_12_55;B.pubescens_C;B.pubescens;C;2012;0
LM_12_55;D.octopetala_L;D.octopetala;L;2012;36,2871254
LM_12_55;E.nigrum_B;E.nigrum;B;2012;19,01
LM_12_55;S.herbacea_Sb;S.herbacea;Sb;2012;0
LM_12_55;S.phylicifolia_Sb;S.phylicifolia;Sb;2012;0
LM_12_55;Vaccinium_B;Vaccinium;B;2012;0
LM_12_66;B.nana_C;B.nana;C;2012;14,01526095
LM_12_66;B.nana_IFR;B.nana;IFR;2012;0
LM_12_66;B.pubescens_C;B.pubescens;C;2012;0
LM_12_66;D.octopetala_L;D.octopetala;L;2012;0
LM_12_66;E.nigrum_B;E.nigrum;B;2012;13,60909539
LM_12_66;S.herbacea_Sb;S.herbacea;Sb;2012;0
LM_12_66;S.phylicifolia_Sb;S.phylicifolia;Sb;2012;36,77299481
LM_12_66;Vaccinium_B;Vaccinium;B;2012;9,25
LM_12_66;Vaccinium_B;Vaccinium;B;2012;13,61
LM_12_71;B.nana_C;B.nana;C;2012;0
LM_12_71;B.nana_IFR;B.nana;IFR;2012;0
LM_12_71;B.pubescens_C;B.pubescens;C;2012;0
LM_12_71;D.octopetala_L;D.octopetala;L;2012;0
LM_12_71;E.nigrum_B;E.nigrum;B;2012;72,56844759
LM_12_71;S.herbacea_Sb;S.herbacea;Sb;2012;0
LM_12_71;S.phylicifolia_Sb;S.phylicifolia;Sb;2012;0
LM_12_71;Vaccinium_B;Vaccinium;B;2012;0
LM_13_110;B.nana_C;B.nana;C;2013;0
LM_13_110;B.nana_IFR;B.nana;IFR;2013;0
LM_13_110;B.pubescens_C;B.pubescens;C;2013;0
LM_13_110;D.octopetala_L;D.octopetala;L;2013;23,58754622
LM_13_110;E.nigrum_B;E.nigrum;B;2013;37,67
LM_13_110;S.herbacea_Sb;S.herbacea;Sb;2013;0
LM_13_110;S.phylicifolia_Sb;S.phylicifolia;Sb;2013;0
LM_13_110;Vaccinium_B;Vaccinium;B;2013;0
LM_13_115;B.nana_C;B.nana;C;2013;0
LM_13_115;B.nana_IFR;B.nana;IFR;2013;0
LM_13_115;B.pubescens_C;B.pubescens;C;2013;0
LM_13_115;D.octopetala_L;D.octopetala;L;2013;56,77157229
LM_13_115;E.nigrum_B;E.nigrum;B;2013;0
LM_13_115;S.herbacea_Sb;S.herbacea;Sb;2013;0
LM_13_115;S.phylicifolia_Sb;S.phylicifolia;Sb;2013;0
LM_13_115;Vaccinium_B;Vaccinium;B;2013;0
LM_13_132;B.nana_C;B.nana;C;2013;0
LM_13_132;B.nana_IFR;B.nana;IFR;2013;0
LM_13_132;B.pubescens_C;B.pubescens;C;2013;0
LM_13_132;D.octopetala_L;D.octopetala;L;2013;51,48288693
LM_13_132;E.nigrum_B;E.nigrum;B;2013;30,76668018
LM_13_132;S.herbacea_Sb;S.herbacea;Sb;2013;0
LM_13_132;S.phylicifolia_Sb;S.phylicifolia;Sb;2013;0
LM_13_132;Vaccinium_B;Vaccinium;B;2013;0
LM_13_134;B.nana_C;B.nana;C;2013;0
LM_13_134;B.nana_IFR;B.nana;IFR;2013;0
LM_13_134;B.pubescens_C;B.pubescens;C;2013;0
LM_13_134;D.octopetala_L;D.octopetala;L;2013;66,71031954
LM_13_134;E.nigrum_B;E.nigrum;B;2013;0
LM_13_134;S.herbacea_Sb;S.herbacea;Sb;2013;0
LM_13_134;S.phylicifolia_Sb;S.phylicifolia;Sb;2013;0
LM_13_134;Vaccinium_B;Vaccinium;B;2013;0
LM_13_146;B.nana_C;B.nana;C;2013;0
LM_13_146;B.nana_IFR;B.nana;IFR;2013;0
LM_13_146;B.pubescens_C;B.pubescens;C;2013;0
LM_13_146;D.octopetala_L;D.octopetala;L;2013;0
LM_13_146;E.nigrum_B;E.nigrum;B;2013;0
LM_13_146;S.herbacea_Sb;S.herbacea;Sb;2013;0
LM_13_146;S.phylicifolia_Sb;S.phylicifolia;Sb;2013;0
LM_13_146;Vaccinium_B;Vaccinium;B;2013;26,07048854
LM_13_151;B.nana_C;B.nana;C;2013;0
LM_13_151;B.nana_IFR;B.nana;IFR;2013;0
LM_13_151;B.pubescens_C;B.pubescens;C;2013;0
LM_13_151;D.octopetala_L;D.octopetala;L;2013;0
LM_13_151;E.nigrum_B;E.nigrum;B;2013;0
LM_13_151;S.herbacea_Sb;S.herbacea;Sb;2013;0
LM_13_151;S.phylicifolia_Sb;S.phylicifolia;Sb;2013;0
LM_13_151;Vaccinium_B;Vaccinium;B;2013;97,41146065
LM_13_152;B.nana_C;B.nana;C;2013;0
LM_13_152;B.nana_IFR;B.nana;IFR;2013;0
LM_13_152;B.pubescens_C;B.pubescens;C;2013;0
LM_13_152;D.octopetala_L;D.octopetala;L;2013;0
LM_13_152;E.nigrum_B;E.nigrum;B;2013;0
LM_13_152;S.herbacea_Sb;S.herbacea;Sb;2013;0
LM_13_152;S.phylicifolia_Sb;S.phylicifolia;Sb;2013;0
LM_13_152;Vaccinium_B;Vaccinium;B;2013;68,19856166
LM_13_160;B.nana_C;B.nana;C;2013;0
LM_13_160;B.nana_IFR;B.nana;IFR;2013;0
LM_13_160;B.pubescens_C;B.pubescens;C;2013;0
LM_13_160;D.octopetala_L;D.octopetala;L;2013;0
LM_13_160;E.nigrum_B;E.nigrum;B;2013;59,90210551
LM_13_160;S.herbacea_Sb;S.herbacea;Sb;2013;0
LM_13_160;S.phylicifolia_Sb;S.phylicifolia;Sb;2013;0
LM_13_160;Vaccinium_B;Vaccinium;B;2013;0
LM_13_162;B.nana_C;B.nana;C;2013;0
LM_13_162;B.nana_IFR;B.nana;IFR;2013;0
LM_13_162;B.pubescens_C;B.pubescens;C;2013;0
LM_13_162;D.octopetala_L;D.octopetala;L;2013;36,67596696
LM_13_162;E.nigrum_B;E.nigrum;B;2013;42,38
LM_13_162;S.herbacea_Sb;S.herbacea;Sb;2013;0
LM_13_162;S.phylicifolia_Sb;S.phylicifolia;Sb;2013;0
LM_13_162;Vaccinium_B;Vaccinium;B;2013;0
LM_13_163;B.nana_C;B.nana;C;2013;0
LM_13_163;B.nana_IFR;B.nana;IFR;2013;67,77070064
LM_13_163;B.pubescens_C;B.pubescens;C;2013;0
LM_13_163;D.octopetala_L;D.octopetala;L;2013;0
LM_13_163;E.nigrum_B;E.nigrum;B;2013;0
LM_13_163;S.herbacea_Sb;S.herbacea;Sb;2013;0
LM_13_163;S.phylicifolia_Sb;S.phylicifolia;Sb;2013;0
LM_13_163;Vaccinium_B;Vaccinium;B;2013;0
LM_13_166;B.nana_C;B.nana;C;2013;0
LM_13_166;B.nana_IFR;B.nana;IFR;2013;44,94432419
LM_13_166;B.pubescens_C;B.pubescens;C;2013;0
LM_13_166;D.octopetala_L;D.octopetala;L;2013;0
LM_13_166;E.nigrum_B;E.nigrum;B;2013;0
LM_13_166;S.herbacea_Sb;S.herbacea;Sb;2013;0
LM_13_166;S.phylicifolia_Sb;S.phylicifolia;Sb;2013;0
LM_13_166;Vaccinium_B;Vaccinium;B;2013;0
LM_13_167;B.nana_C;B.nana;C;2013;0
LM_13_167;B.nana_IFR;B.nana;IFR;2013;0
LM_13_167;B.pubescens_C;B.pubescens;C;2013;0
LM_13_167;D.octopetala_L;D.octopetala;L;2013;0
LM_13_167;E.nigrum_B;E.nigrum;B;2013;12,75
LM_13_167;S.herbacea_Sb;S.herbacea;Sb;2013;0
LM_13_167;S.phylicifolia_Sb;S.phylicifolia;Sb;2013;23,17667756
LM_13_167;Vaccinium_B;Vaccinium;B;2013;0
LM_13_17;B.nana_C;B.nana;C;2013;0
LM_13_17;B.nana_IFR;B.nana;IFR;2013;0
LM_13_17;B.pubescens_C;B.pubescens;C;2013;0
LM_13_17;D.octopetala_L;D.octopetala;L;2013;0
LM_13_17;E.nigrum_B;E.nigrum;B;2013;53,46639239
LM_13_17;S.herbacea_Sb;S.herbacea;Sb;2013;0
LM_13_17;S.phylicifolia_Sb;S.phylicifolia;Sb;2013;0
LM_13_17;Vaccinium_B;Vaccinium;B;2013;0
LM_13_174;B.nana_C;B.nana;C;2013;0
LM_13_174;B.nana_IFR;B.nana;IFR;2013;0
LM_13_174;B.pubescens_C;B.pubescens;C;2013;0
LM_13_174;D.octopetala_L;D.octopetala;L;2013;0
LM_13_174;E.nigrum_B;E.nigrum;B;2013;0
LM_13_174;S.herbacea_Sb;S.herbacea;Sb;2013;0
LM_13_174;S.phylicifolia_Sb;S.phylicifolia;Sb;2013;0
LM_13_174;Vaccinium_B;Vaccinium;B;2013;78,86749066
LM_13_178;B.nana_C;B.nana;C;2013;0
LM_13_178;B.nana_IFR;B.nana;IFR;2013;30,83130563
LM_13_178;B.pubescens_C;B.pubescens;C;2013;0
LM_13_178;D.octopetala_L;D.octopetala;L;2013;0
LM_13_178;E.nigrum_B;E.nigrum;B;2013;0
LM_13_178;S.herbacea_Sb;S.herbacea;Sb;2013;0
LM_13_178;S.phylicifolia_Sb;S.phylicifolia;Sb;2013;0
LM_13_178;Vaccinium_B;Vaccinium;B;2013;23,38374349
LM_13_182;B.nana_C;B.nana;C;2013;0
LM_13_182;B.nana_IFR;B.nana;IFR;2013;0
LM_13_182;B.pubescens_C;B.pubescens;C;2013;0
LM_13_182;D.octopetala_L;D.octopetala;L;2013;38,61565734
LM_13_182;E.nigrum_B;E.nigrum;B;2013;0
LM_13_182;S.herbacea_Sb;S.herbacea;Sb;2013;0
LM_13_182;S.phylicifolia_Sb;S.phylicifolia;Sb;2013;0
LM_13_182;Vaccinium_B;Vaccinium;B;2013;0
LM_13_183;B.nana_C;B.nana;C;2013;0
LM_13_183;B.nana_IFR;B.nana;IFR;2013;78,85014878
LM_13_183;B.pubescens_C;B.pubescens;C;2013;0
LM_13_183;D.octopetala_L;D.octopetala;L;2013;0
LM_13_183;E.nigrum_B;E.nigrum;B;2013;0
LM_13_183;S.herbacea_Sb;S.herbacea;Sb;2013;0
LM_13_183;S.phylicifolia_Sb;S.phylicifolia;Sb;2013;0
LM_13_183;Vaccinium_B;Vaccinium;B;2013;0
LM_13_192;B.nana_C;B.nana;C;2013;0
LM_13_192;B.nana_IFR;B.nana;IFR;2013;0
LM_13_192;B.pubescens_C;B.pubescens;C;2013;0
LM_13_192;D.octopetala_L;D.octopetala;L;2013;0
LM_13_192;E.nigrum_B;E.nigrum;B;2013;0
LM_13_192;S.herbacea_Sb;S.herbacea;Sb;2013;0
LM_13_192;S.phylicifolia_Sb;S.phylicifolia;Sb;2013;0
LM_13_192;Vaccinium_B;Vaccinium;B;2013;71,69910114
LM_13_201;B.nana_C;B.nana;C;2013;0
LM_13_201;B.nana_IFR;B.nana;IFR;2013;0
LM_13_201;B.pubescens_C;B.pubescens;C;2013;0
LM_13_201;D.octopetala_L;D.octopetala;L;2013;0
LM_13_201;E.nigrum_B;E.nigrum;B;2013;0
LM_13_201;S.herbacea_Sb;S.herbacea;Sb;2013;0
LM_13_201;S.phylicifolia_Sb;S.phylicifolia;Sb;2013;0
LM_13_201;Vaccinium_B;Vaccinium;B;2013;58,56390977
LM_13_231;B.nana_C;B.nana;C;2013;0
LM_13_231;B.nana_IFR;B.nana;IFR;2013;0
LM_13_231;B.pubescens_C;B.pubescens;C;2013;0
LM_13_231;D.octopetala_L;D.octopetala;L;2013;0
LM_13_231;E.nigrum_B;E.nigrum;B;2013;0
LM_13_231;S.herbacea_Sb;S.herbacea;Sb;2013;0
LM_13_231;S.phylicifolia_Sb;S.phylicifolia;Sb;2013;0
LM_13_231;Vaccinium_B;Vaccinium;B;2013;90,88758516
LM_13_232;B.nana_C;B.nana;C;2013;0
LM_13_232;B.nana_IFR;B.nana;IFR;2013;0
LM_13_232;B.pubescens_C;B.pubescens;C;2013;0
LM_13_232;D.octopetala_L;D.octopetala;L;2013;0
LM_13_232;E.nigrum_B;E.nigrum;B;2013;0
LM_13_232;S.herbacea_Sb;S.herbacea;Sb;2013;0
LM_13_232;S.phylicifolia_Sb;S.phylicifolia;Sb;2013;0
LM_13_232;Vaccinium_B;Vaccinium;B;2013;99,27091328
LM_13_24;B.nana_C;B.nana;C;2013;0
LM_13_24;B.nana_IFR;B.nana;IFR;2013;77,95775315
LM_13_24;B.pubescens_C;B.pubescens;C;2013;0
LM_13_24;D.octopetala_L;D.octopetala;L;2013;0
LM_13_24;E.nigrum_B;E.nigrum;B;2013;0
LM_13_24;S.herbacea_Sb;S.herbacea;Sb;2013;0
LM_13_24;S.phylicifolia_Sb;S.phylicifolia;Sb;2013;0
LM_13_24;Vaccinium_B;Vaccinium;B;2013;0
LM_13_28;B.nana_C;B.nana;C;2013;0
LM_13_28;B.nana_IFR;B.nana;IFR;2013;0
LM_13_28;B.pubescens_C;B.pubescens;C;2013;0
LM_13_28;D.octopetala_L;D.octopetala;L;2013;41,42725919
LM_13_28;E.nigrum_B;E.nigrum;B;2013;0
LM_13_28;S.herbacea_Sb;S.herbacea;Sb;2013;0
LM_13_28;S.phylicifolia_Sb;S.phylicifolia;Sb;2013;0
LM_13_28;Vaccinium_B;Vaccinium;B;2013;0
LM_13_51;B.nana_C;B.nana;C;2013;0
LM_13_51;B.nana_IFR;B.nana;IFR;2013;0
LM_13_51;B.pubescens_C;B.pubescens;C;2013;0
LM_13_51;D.octopetala_L;D.octopetala;L;2013;0
LM_13_51;E.nigrum_B;E.nigrum;B;2013;0
LM_13_51;S.herbacea_Sb;S.herbacea;Sb;2013;0
LM_13_51;S.phylicifolia_Sb;S.phylicifolia;Sb;2013;0
LM_13_51;Vaccinium_B;Vaccinium;B;2013;32,12142605
LM_13_75;B.nana_C;B.nana;C;2013;0
LM_13_75;B.nana_IFR;B.nana;IFR;2013;21,75252231
LM_13_75;B.pubescens_C;B.pubescens;C;2013;0
LM_13_75;D.octopetala_L;D.octopetala;L;2013;32,19101669
LM_13_75;E.nigrum_B;E.nigrum;B;2013;16,37
LM_13_75;S.herbacea_Sb;S.herbacea;Sb;2013;0
LM_13_75;S.phylicifolia_Sb;S.phylicifolia;Sb;2013;0
LM_13_75;Vaccinium_B;Vaccinium;B;2013;0
LM_13_77;B.nana_C;B.nana;C;2013;0
LM_13_77;B.nana_IFR;B.nana;IFR;2013;47,82972825
LM_13_77;B.pubescens_C;B.pubescens;C;2013;0
LM_13_77;D.octopetala_L;D.octopetala;L;2013;0
LM_13_77;E.nigrum_B;E.nigrum;B;2013;0
LM_13_77;S.herbacea_Sb;S.herbacea;Sb;2013;0
LM_13_77;S.phylicifolia_Sb;S.phylicifolia;Sb;2013;0
LM_13_77;Vaccinium_B;Vaccinium;B;2013;0
LM_13_86;B.nana_C;B.nana;C;2013;0
LM_13_86;B.nana_IFR;B.nana;IFR;2013;0
LM_13_86;B.pubescens_C;B.pubescens;C;2013;0
LM_13_86;D.octopetala_L;D.octopetala;L;2013;0
LM_13_86;E.nigrum_B;E.nigrum;B;2013;48,95
LM_13_86;S.herbacea_Sb;S.herbacea;Sb;2013;0
LM_13_86;S.phylicifolia_Sb;S.phylicifolia;Sb;2013;0
LM_13_86;Vaccinium_B;Vaccinium;B;2013;0
LM_14_101;B.nana_C;B.nana;C;2014;0
LM_14_101;B.nana_IFR;B.nana;IFR;2014;0
LM_14_101;B.pubescens_C;B.pubescens;C;2014;0
LM_14_101;D.octopetala_L;D.octopetala;L;2014;0
LM_14_101;E.nigrum_B;E.nigrum;B;2014;0
LM_14_101;S.herbacea_Sb;S.herbacea;Sb;2014;0
LM_14_101;S.phylicifolia_Sb;S.phylicifolia;Sb;2014;0
LM_14_101;Vaccinium_B;Vaccinium;B;2014;73,40585146
LM_14_105;B.nana_C;B.nana;C;2014;0
LM_14_105;B.nana_IFR;B.nana;IFR;2014;0
LM_14_105;B.pubescens_C;B.pubescens;C;2014;0
LM_14_105;D.octopetala_L;D.octopetala;L;2014;0
LM_14_105;E.nigrum_B;E.nigrum;B;2014;65,76
LM_14_105;S.herbacea_Sb;S.herbacea;Sb;2014;0
LM_14_105;S.phylicifolia_Sb;S.phylicifolia;Sb;2014;14,97731602
LM_14_105;Vaccinium_B;Vaccinium;B;2014;0
LM_14_109;B.nana_C;B.nana;C;2014;0
LM_14_109;B.nana_IFR;B.nana;IFR;2014;0
LM_14_109;B.pubescens_C;B.pubescens;C;2014;0
LM_14_109;D.octopetala_L;D.octopetala;L;2014;0
LM_14_109;E.nigrum_B;E.nigrum;B;2014;0
LM_14_109;S.herbacea_Sb;S.herbacea;Sb;2014;73,46300211
LM_14_109;S.phylicifolia_Sb;S.phylicifolia;Sb;2014;0
LM_14_109;Vaccinium_B;Vaccinium;B;2014;0
LM_14_130;B.nana_C;B.nana;C;2014;0
LM_14_130;B.nana_IFR;B.nana;IFR;2014;0
LM_14_130;B.pubescens_C;B.pubescens;C;2014;0
LM_14_130;D.octopetala_L;D.octopetala;L;2014;9,271202543
LM_14_130;E.nigrum_B;E.nigrum;B;2014;0
LM_14_130;S.herbacea_Sb;S.herbacea;Sb;2014;0
LM_14_130;S.phylicifolia_Sb;S.phylicifolia;Sb;2014;21,00339825
LM_14_130;Vaccinium_B;Vaccinium;B;2014;40,42003142
LM_14_131;B.nana_C;B.nana;C;2014;0
LM_14_131;B.nana_IFR;B.nana;IFR;2014;0
LM_14_131;B.pubescens_C;B.pubescens;C;2014;0
LM_14_131;D.octopetala_L;D.octopetala;L;2014;7,954468549
LM_14_131;E.nigrum_B;E.nigrum;B;2014;0
LM_14_131;S.herbacea_Sb;S.herbacea;Sb;2014;0
LM_14_131;S.phylicifolia_Sb;S.phylicifolia;Sb;2014;29,30393861
LM_14_131;Vaccinium_B;Vaccinium;B;2014;0
LM_14_138;B.nana_C;B.nana;C;2014;0
LM_14_138;B.nana_IFR;B.nana;IFR;2014;74,74810708
LM_14_138;B.pubescens_C;B.pubescens;C;2014;0
LM_14_138;D.octopetala_L;D.octopetala;L;2014;0
LM_14_138;E.nigrum_B;E.nigrum;B;2014;0
LM_14_138;S.herbacea_Sb;S.herbacea;Sb;2014;0
LM_14_138;S.phylicifolia_Sb;S.phylicifolia;Sb;2014;0
LM_14_138;Vaccinium_B;Vaccinium;B;2014;0
LM_14_140;B.nana_C;B.nana;C;2014;0
LM_14_140;B.nana_IFR;B.nana;IFR;2014;0
LM_14_140;B.pubescens_C;B.pubescens;C;2014;0
LM_14_140;D.octopetala_L;D.octopetala;L;2014;0
LM_14_140;E.nigrum_B;E.nigrum;B;2014;0
LM_14_140;S.herbacea_Sb;S.herbacea;Sb;2014;69,7995338
LM_14_140;S.phylicifolia_Sb;S.phylicifolia;Sb;2014;0
LM_14_140;Vaccinium_B;Vaccinium;B;2014;0
LM_14_150;B.nana_C;B.nana;C;2014;0
LM_14_150;B.nana_IFR;B.nana;IFR;2014;0
LM_14_150;B.pubescens_C;B.pubescens;C;2014;0
LM_14_150;D.octopetala_L;D.octopetala;L;2014;0
LM_14_150;E.nigrum_B;E.nigrum;B;2014;0
LM_14_150;S.herbacea_Sb;S.herbacea;Sb;2014;0
LM_14_150;S.phylicifolia_Sb;S.phylicifolia;Sb;2014;0
LM_14_150;Vaccinium_B;Vaccinium;B;2014;82,96930342
LM_14_154;B.nana_C;B.nana;C;2014;0
LM_14_154;B.nana_IFR;B.nana;IFR;2014;0
LM_14_154;B.pubescens_C;B.pubescens;C;2014;0
LM_14_154;D.octopetala_L;D.octopetala;L;2014;0
LM_14_154;E.nigrum_B;E.nigrum;B;2014;48,55763834
LM_14_154;S.herbacea_Sb;S.herbacea;Sb;2014;0
LM_14_154;S.phylicifolia_Sb;S.phylicifolia;Sb;2014;0
LM_14_154;Vaccinium_B;Vaccinium;B;2014;0
LM_14_161;B.nana_C;B.nana;C;2014;0
LM_14_161;B.nana_IFR;B.nana;IFR;2014;0
LM_14_161;B.pubescens_C;B.pubescens;C;2014;0
LM_14_161;D.octopetala_L;D.octopetala;L;2014;0
LM_14_161;E.nigrum_B;E.nigrum;B;2014;0
LM_14_161;S.herbacea_Sb;S.herbacea;Sb;2014;0
LM_14_161;S.phylicifolia_Sb;S.phylicifolia;Sb;2014;0
LM_14_161;Vaccinium_B;Vaccinium;B;2014;100
LM_14_180;B.nana_C;B.nana;C;2014;0
LM_14_180;B.nana_IFR;B.nana;IFR;2014;58,27730465
LM_14_180;B.pubescens_C;B.pubescens;C;2014;0
LM_14_180;D.octopetala_L;D.octopetala;L;2014;0
LM_14_180;E.nigrum_B;E.nigrum;B;2014;0
LM_14_180;S.herbacea_Sb;S.herbacea;Sb;2014;0
LM_14_180;S.phylicifolia_Sb;S.phylicifolia;Sb;2014;0
LM_14_180;Vaccinium_B;Vaccinium;B;2014;23,06514269
LM_14_181;B.nana_C;B.nana;C;2014;0
LM_14_181;B.nana_IFR;B.nana;IFR;2014;0
LM_14_181;B.pubescens_C;B.pubescens;C;2014;79,26997552
LM_14_181;D.octopetala_L;D.octopetala;L;2014;0
LM_14_181;E.nigrum_B;E.nigrum;B;2014;0
LM_14_181;S.herbacea_Sb;S.herbacea;Sb;2014;0
LM_14_181;S.phylicifolia_Sb;S.phylicifolia;Sb;2014;0
LM_14_181;Vaccinium_B;Vaccinium;B;2014;0
LM_14_183;B.nana_C;B.nana;C;2014;0
LM_14_183;B.nana_IFR;B.nana;IFR;2014;0
LM_14_183;B.pubescens_C;B.pubescens;C;2014;0
LM_14_183;D.octopetala_L;D.octopetala;L;2014;0
LM_14_183;E.nigrum_B;E.nigrum;B;2014;0
LM_14_183;S.herbacea_Sb;S.herbacea;Sb;2014;0
LM_14_183;S.phylicifolia_Sb;S.phylicifolia;Sb;2014;0
LM_14_183;Vaccinium_B;Vaccinium;B;2014;87,20650767
LM_14_184;B.nana_C;B.nana;C;2014;0
LM_14_184;B.nana_IFR;B.nana;IFR;2014;0
LM_14_184;B.pubescens_C;B.pubescens;C;2014;0
LM_14_184;D.octopetala_L;D.octopetala;L;2014;0
LM_14_184;E.nigrum_B;E.nigrum;B;2014;0
LM_14_184;S.herbacea_Sb;S.herbacea;Sb;2014;0
LM_14_184;S.phylicifolia_Sb;S.phylicifolia;Sb;2014;0
LM_14_184;Vaccinium_B;Vaccinium;B;2014;99,28327645
LM_14_185;B.nana_C;B.nana;C;2014;0
LM_14_185;B.nana_IFR;B.nana;IFR;2014;0
LM_14_185;B.pubescens_C;B.pubescens;C;2014;0
LM_14_185;D.octopetala_L;D.octopetala;L;2014;0
LM_14_185;E.nigrum_B;E.nigrum;B;2014;26,46
LM_14_185;S.herbacea_Sb;S.herbacea;Sb;2014;0
LM_14_185;S.phylicifolia_Sb;S.phylicifolia;Sb;2014;0
LM_14_185;Vaccinium_B;Vaccinium;B;2014;0
LM_14_188;B.nana_C;B.nana;C;2014;0
LM_14_188;B.nana_IFR;B.nana;IFR;2014;0
LM_14_188;B.pubescens_C;B.pubescens;C;2014;0
LM_14_188;D.octopetala_L;D.octopetala;L;2014;0
LM_14_188;E.nigrum_B;E.nigrum;B;2014;0
LM_14_188;S.herbacea_Sb;S.herbacea;Sb;2014;78,95468713
LM_14_188;S.phylicifolia_Sb;S.phylicifolia;Sb;2014;0
LM_14_188;Vaccinium_B;Vaccinium;B;2014;0
LM_14_207;B.nana_C;B.nana;C;2014;0
LM_14_207;B.nana_IFR;B.nana;IFR;2014;0
LM_14_207;B.pubescens_C;B.pubescens;C;2014;0
LM_14_207;D.octopetala_L;D.octopetala;L;2014;0
LM_14_207;E.nigrum_B;E.nigrum;B;2014;0
LM_14_207;S.herbacea_Sb;S.herbacea;Sb;2014;96,11709835
LM_14_207;S.phylicifolia_Sb;S.phylicifolia;Sb;2014;0
LM_14_207;Vaccinium_B;Vaccinium;B;2014;0
LM_14_209;B.nana_C;B.nana;C;2014;0
LM_14_209;B.nana_IFR;B.nana;IFR;2014;0
LM_14_209;B.pubescens_C;B.pubescens;C;2014;0
LM_14_209;D.octopetala_L;D.octopetala;L;2014;0
LM_14_209;E.nigrum_B;E.nigrum;B;2014;0
LM_14_209;S.herbacea_Sb;S.herbacea;Sb;2014;0
LM_14_209;S.phylicifolia_Sb;S.phylicifolia;Sb;2014;0
LM_14_209;Vaccinium_B;Vaccinium;B;2014;94,14857426
LM_14_219;B.nana_C;B.nana;C;2014;0
LM_14_219;B.nana_IFR;B.nana;IFR;2014;0
LM_14_219;B.pubescens_C;B.pubescens;C;2014;0
LM_14_219;D.octopetala_L;D.octopetala;L;2014;0
LM_14_219;E.nigrum_B;E.nigrum;B;2014;0
LM_14_219;S.herbacea_Sb;S.herbacea;Sb;2014;0
LM_14_219;S.phylicifolia_Sb;S.phylicifolia;Sb;2014;61,00531038
LM_14_219;Vaccinium_B;Vaccinium;B;2014;0
LM_14_236;B.nana_C;B.nana;C;2014;0
LM_14_236;B.nana_IFR;B.nana;IFR;2014;0
LM_14_236;B.pubescens_C;B.pubescens;C;2014;0
LM_14_236;D.octopetala_L;D.octopetala;L;2014;0
LM_14_236;E.nigrum_B;E.nigrum;B;2014;0
LM_14_236;S.herbacea_Sb;S.herbacea;Sb;2014;86,89047547
LM_14_236;S.phylicifolia_Sb;S.phylicifolia;Sb;2014;0
LM_14_236;Vaccinium_B;Vaccinium;B;2014;0
LM_14_30;B.nana_C;B.nana;C;2014;0
LM_14_30;B.nana_IFR;B.nana;IFR;2014;0
LM_14_30;B.pubescens_C;B.pubescens;C;2014;0
LM_14_30;D.octopetala_L;D.octopetala;L;2014;0
LM_14_30;E.nigrum_B;E.nigrum;B;2014;79,57599849
LM_14_30;S.herbacea_Sb;S.herbacea;Sb;2014;0
LM_14_30;S.phylicifolia_Sb;S.phylicifolia;Sb;2014;0
LM_14_30;Vaccinium_B;Vaccinium;B;2014;0
LM_14_32;B.nana_C;B.nana;C;2014;0
LM_14_32;B.nana_IFR;B.nana;IFR;2014;0
LM_14_32;B.pubescens_C;B.pubescens;C;2014;0
LM_14_32;D.octopetala_L;D.octopetala;L;2014;0
LM_14_32;E.nigrum_B;E.nigrum;B;2014;87,74745339
LM_14_32;S.herbacea_Sb;S.herbacea;Sb;2014;0
LM_14_32;S.phylicifolia_Sb;S.phylicifolia;Sb;2014;0
LM_14_32;Vaccinium_B;Vaccinium;B;2014;0
LM_14_33;B.nana_C;B.nana;C;2014;0
LM_14_33;B.nana_IFR;B.nana;IFR;2014;0
LM_14_33;B.pubescens_C;B.pubescens;C;2014;0
LM_14_33;D.octopetala_L;D.octopetala;L;2014;0
LM_14_33;E.nigrum_B;E.nigrum;B;2014;95,53622772
LM_14_33;S.herbacea_Sb;S.herbacea;Sb;2014;0
LM_14_33;S.phylicifolia_Sb;S.phylicifolia;Sb;2014;0
LM_14_33;Vaccinium_B;Vaccinium;B;2014;0
LM_14_35;B.nana_C;B.nana;C;2014;0
LM_14_35;B.nana_IFR;B.nana;IFR;2014;0
LM_14_35;B.pubescens_C;B.pubescens;C;2014;0
LM_14_35;D.octopetala_L;D.octopetala;L;2014;0
LM_14_35;E.nigrum_B;E.nigrum;B;2014;51,63
LM_14_35;S.herbacea_Sb;S.herbacea;Sb;2014;0
LM_14_35;S.phylicifolia_Sb;S.phylicifolia;Sb;2014;0
LM_14_35;Vaccinium_B;Vaccinium;B;2014;0
LM_14_37;B.nana_C;B.nana;C;2014;0
LM_14_37;B.nana_IFR;B.nana;IFR;2014;0
LM_14_37;B.pubescens_C;B.pubescens;C;2014;0
LM_14_37;D.octopetala_L;D.octopetala;L;2014;0
LM_14_37;E.nigrum_B;E.nigrum;B;2014;18,07650969
LM_14_37;S.herbacea_Sb;S.herbacea;Sb;2014;0
LM_14_37;S.phylicifolia_Sb;S.phylicifolia;Sb;2014;0
LM_14_37;Vaccinium_B;Vaccinium;B;2014;0
LM_14_46;B.nana_C;B.nana;C;2014;0
LM_14_46;B.nana_IFR;B.nana;IFR;2014;0
LM_14_46;B.pubescens_C;B.pubescens;C;2014;0
LM_14_46;D.octopetala_L;D.octopetala;L;2014;0
LM_14_46;E.nigrum_B;E.nigrum;B;2014;99,52754417
LM_14_46;S.herbacea_Sb;S.herbacea;Sb;2014;0
LM_14_46;S.phylicifolia_Sb;S.phylicifolia;Sb;2014;0
LM_14_46;Vaccinium_B;Vaccinium;B;2014;0
LM_14_51;B.nana_C;B.nana;C;2014;0
LM_14_51;B.nana_IFR;B.nana;IFR;2014;0
LM_14_51;B.pubescens_C;B.pubescens;C;2014;0
LM_14_51;D.octopetala_L;D.octopetala;L;2014;0
LM_14_51;E.nigrum_B;E.nigrum;B;2014;91,97978257
LM_14_51;S.herbacea_Sb;S.herbacea;Sb;2014;0
LM_14_51;S.phylicifolia_Sb;S.phylicifolia;Sb;2014;0
LM_14_51;Vaccinium_B;Vaccinium;B;2014;0
LM_14_56;B.nana_C;B.nana;C;2014;0
LM_14_56;B.nana_IFR;B.nana;IFR;2014;0
LM_14_56;B.pubescens_C;B.pubescens;C;2014;0
LM_14_56;D.octopetala_L;D.octopetala;L;2014;0
LM_14_56;E.nigrum_B;E.nigrum;B;2014;19,89
LM_14_56;S.herbacea_Sb;S.herbacea;Sb;2014;0
LM_14_56;S.phylicifolia_Sb;S.phylicifolia;Sb;2014;0
LM_14_56;Vaccinium_B;Vaccinium;B;2014;0
LM_14_58;B.nana_C;B.nana;C;2014;0
LM_14_58;B.nana_IFR;B.nana;IFR;2014;0
LM_14_58;B.pubescens_C;B.pubescens;C;2014;0
LM_14_58;D.octopetala_L;D.octopetala;L;2014;0
LM_14_58;E.nigrum_B;E.nigrum;B;2014;0
LM_14_58;S.herbacea_Sb;S.herbacea;Sb;2014;0
LM_14_58;S.phylicifolia_Sb;S.phylicifolia;Sb;2014;78,40020844
LM_14_58;Vaccinium_B;Vaccinium;B;2014;0
LM_14_76;B.nana_C;B.nana;C;2014;0
LM_14_76;B.nana_IFR;B.nana;IFR;2014;0
LM_14_76;B.pubescens_C;B.pubescens;C;2014;0
LM_14_76;D.octopetala_L;D.octopetala;L;2014;87,10539934
LM_14_76;E.nigrum_B;E.nigrum;B;2014;0
LM_14_76;S.herbacea_Sb;S.herbacea;Sb;2014;0
LM_14_76;S.phylicifolia_Sb;S.phylicifolia;Sb;2014;0
LM_14_76;Vaccinium_B;Vaccinium;B;2014;0
LM_14_77;B.nana_C;B.nana;C;2014;0
LM_14_77;B.nana_IFR;B.nana;IFR;2014;0
LM_14_77;B.pubescens_C;B.pubescens;C;2014;0
LM_14_77;D.octopetala_L;D.octopetala;L;2014;0
LM_14_77;E.nigrum_B;E.nigrum;B;2014;0
LM_14_77;S.herbacea_Sb;S.herbacea;Sb;2014;0
LM_14_77;S.phylicifolia_Sb;S.phylicifolia;Sb;2014;0
LM_14_77;Vaccinium_B;Vaccinium;B;2014;60,66020191
LM_14_92;B.nana_C;B.nana;C;2014;0
LM_14_92;B.nana_IFR;B.nana;IFR;2014;0
LM_14_92;B.pubescens_C;B.pubescens;C;2014;0
LM_14_92;D.octopetala_L;D.octopetala;L;2014;0
LM_14_92;E.nigrum_B;E.nigrum;B;2014;0
LM_14_92;S.herbacea_Sb;S.herbacea;Sb;2014;0
LM_14_92;S.phylicifolia_Sb;S.phylicifolia;Sb;2014;0
LM_14_92;Vaccinium_B;Vaccinium;B;2014;99,75849898
LM_6_100;B.nana_C;B.nana;C;2006;0
LM_6_100;B.nana_IFR;B.nana;IFR;2006;0
LM_6_100;B.pubescens_C;B.pubescens;C;2006;0
LM_6_100;D.octopetala_L;D.octopetala;L;2006;0
LM_6_100;E.nigrum_B;E.nigrum;B;2006;0
LM_6_100;S.herbacea_Sb;S.herbacea;Sb;2006;0
LM_6_100;S.phylicifolia_Sb;S.phylicifolia;Sb;2006;0
LM_6_100;Vaccinium_B;Vaccinium;B;2006;58,20368676
LM_6_111;B.nana_C;B.nana;C;2006;0
LM_6_111;B.nana_IFR;B.nana;IFR;2006;0
LM_6_111;B.pubescens_C;B.pubescens;C;2006;0
LM_6_111;D.octopetala_L;D.octopetala;L;2006;0
LM_6_111;E.nigrum_B;E.nigrum;B;2006;35,5341689
LM_6_111;S.herbacea_Sb;S.herbacea;Sb;2006;0
LM_6_111;S.phylicifolia_Sb;S.phylicifolia;Sb;2006;0
LM_6_111;Vaccinium_B;Vaccinium;B;2006;0
LM_6_135;B.nana_C;B.nana;C;2006;0
LM_6_135;B.nana_IFR;B.nana;IFR;2006;0
LM_6_135;B.pubescens_C;B.pubescens;C;2006;0
LM_6_135;D.octopetala_L;D.octopetala;L;2006;0
LM_6_135;E.nigrum_B;E.nigrum;B;2006;98,21093457
LM_6_135;S.herbacea_Sb;S.herbacea;Sb;2006;0
LM_6_135;S.phylicifolia_Sb;S.phylicifolia;Sb;2006;0
LM_6_135;Vaccinium_B;Vaccinium;B;2006;0
LM_6_18;B.nana_C;B.nana;C;2006;0
LM_6_18;B.nana_IFR;B.nana;IFR;2006;60,20384391
LM_6_18;B.pubescens_C;B.pubescens;C;2006;0
LM_6_18;D.octopetala_L;D.octopetala;L;2006;0
LM_6_18;E.nigrum_B;E.nigrum;B;2006;0
LM_6_18;S.herbacea_Sb;S.herbacea;Sb;2006;0
LM_6_18;S.phylicifolia_Sb;S.phylicifolia;Sb;2006;0
LM_6_18;Vaccinium_B;Vaccinium;B;2006;0
LM_6_36;B.nana_C;B.nana;C;2006;0
LM_6_36;B.nana_IFR;B.nana;IFR;2006;28,05355976
LM_6_36;B.pubescens_C;B.pubescens;C;2006;0
LM_6_36;D.octopetala_L;D.octopetala;L;2006;0
LM_6_36;E.nigrum_B;E.nigrum;B;2006;0
LM_6_36;S.herbacea_Sb;S.herbacea;Sb;2006;0
LM_6_36;S.phylicifolia_Sb;S.phylicifolia;Sb;2006;0
LM_6_36;Vaccinium_B;Vaccinium;B;2006;46,4177825
LM_6_38;B.nana_C;B.nana;C;2006;0
LM_6_38;B.nana_IFR;B.nana;IFR;2006;32,50937235
LM_6_38;B.pubescens_C;B.pubescens;C;2006;0
LM_6_38;D.octopetala_L;D.octopetala;L;2006;0
LM_6_38;E.nigrum_B;E.nigrum;B;2006;0
LM_6_38;S.herbacea_Sb;S.herbacea;Sb;2006;0
LM_6_38;S.phylicifolia_Sb;S.phylicifolia;Sb;2006;0
LM_6_38;Vaccinium_B;Vaccinium;B;2006;28,51856331
LM_6_40;B.nana_C;B.nana;C;2006;0
LM_6_40;B.nana_IFR;B.nana;IFR;2006;0
LM_6_40;B.pubescens_C;B.pubescens;C;2006;0
LM_6_40;D.octopetala_L;D.octopetala;L;2006;0
LM_6_40;E.nigrum_B;E.nigrum;B;2006;46,69231764
LM_6_40;S.herbacea_Sb;S.herbacea;Sb;2006;0
LM_6_40;S.phylicifolia_Sb;S.phylicifolia;Sb;2006;0
LM_6_40;Vaccinium_B;Vaccinium;B;2006;0
LM_6_41;B.nana_C;B.nana;C;2006;0
LM_6_41;B.nana_IFR;B.nana;IFR;2006;0
LM_6_41;B.pubescens_C;B.pubescens;C;2006;0
LM_6_41;D.octopetala_L;D.octopetala;L;2006;0
LM_6_41;E.nigrum_B;E.nigrum;B;2006;0
LM_6_41;S.herbacea_Sb;S.herbacea;Sb;2006;0
LM_6_41;S.phylicifolia_Sb;S.phylicifolia;Sb;2006;0
LM_6_41;Vaccinium_B;Vaccinium;B;2006;63,62394163
LM_6_42;B.nana_C;B.nana;C;2006;0
LM_6_42;B.nana_IFR;B.nana;IFR;2006;0
LM_6_42;B.pubescens_C;B.pubescens;C;2006;0
LM_6_42;D.octopetala_L;D.octopetala;L;2006;0
LM_6_42;E.nigrum_B;E.nigrum;B;2006;57,31690869
LM_6_42;S.herbacea_Sb;S.herbacea;Sb;2006;0
LM_6_42;S.phylicifolia_Sb;S.phylicifolia;Sb;2006;0
LM_6_42;Vaccinium_B;Vaccinium;B;2006;0
LM_6_49;B.nana_C;B.nana;C;2006;0
LM_6_49;B.nana_IFR;B.nana;IFR;2006;39,55361041
LM_6_49;B.pubescens_C;B.pubescens;C;2006;0
LM_6_49;D.octopetala_L;D.octopetala;L;2006;0
LM_6_49;E.nigrum_B;E.nigrum;B;2006;16,222748
LM_6_49;E.nigrum_B;E.nigrum;B;2006;16,22
LM_6_49;S.herbacea_Sb;S.herbacea;Sb;2006;0
LM_6_49;S.phylicifolia_Sb;S.phylicifolia;Sb;2006;0
LM_6_49;Vaccinium_B;Vaccinium;B;2006;7,376191878
LM_6_6;B.nana_C;B.nana;C;2006;0
LM_6_6;B.nana_IFR;B.nana;IFR;2006;0
LM_6_6;B.pubescens_C;B.pubescens;C;2006;0
LM_6_6;D.octopetala_L;D.octopetala;L;2006;0
LM_6_6;E.nigrum_B;E.nigrum;B;2006;26,20717837
LM_6_6;S.herbacea_Sb;S.herbacea;Sb;2006;0
LM_6_6;S.phylicifolia_Sb;S.phylicifolia;Sb;2006;0
LM_6_6;Vaccinium_B;Vaccinium;B;2006;0
LM_6_81;B.nana_C;B.nana;C;2006;0
LM_6_81;B.nana_IFR;B.nana;IFR;2006;0
LM_6_81;B.pubescens_C;B.pubescens;C;2006;0
LM_6_81;D.octopetala_L;D.octopetala;L;2006;55,05542415
LM_6_81;E.nigrum_B;E.nigrum;B;2006;19,11321367
LM_6_81;S.herbacea_Sb;S.herbacea;Sb;2006;0
LM_6_81;S.phylicifolia_Sb;S.phylicifolia;Sb;2006;0
LM_6_81;Vaccinium_B;Vaccinium;B;2006;0
LM_6_82;B.nana_C;B.nana;C;2006;0
LM_6_82;B.nana_IFR;B.nana;IFR;2006;0
LM_6_82;B.pubescens_C;B.pubescens;C;2006;0
LM_6_82;D.octopetala_L;D.octopetala;L;2006;31,56528598
LM_6_82;E.nigrum_B;E.nigrum;B;2006;38,38555234
LM_6_82;S.herbacea_Sb;S.herbacea;Sb;2006;23,64438493
LM_6_82;S.phylicifolia_Sb;S.phylicifolia;Sb;2006;0
LM_6_82;Vaccinium_B;Vaccinium;B;2006;0
LM_6_83;B.nana_C;B.nana;C;2006;0
LM_6_83;B.nana_IFR;B.nana;IFR;2006;0
LM_6_83;B.pubescens_C;B.pubescens;C;2006;0
LM_6_83;D.octopetala_L;D.octopetala;L;2006;0
LM_6_83;E.nigrum_B;E.nigrum;B;2006;31,33252141
LM_6_83;S.herbacea_Sb;S.herbacea;Sb;2006;41,0620735
LM_6_83;S.phylicifolia_Sb;S.phylicifolia;Sb;2006;0
LM_6_83;Vaccinium_B;Vaccinium;B;2006;0
LM_6_84;B.nana_C;B.nana;C;2006;0
LM_6_84;B.nana_IFR;B.nana;IFR;2006;0
LM_6_84;B.pubescens_C;B.pubescens;C;2006;0
LM_6_84;D.octopetala_L;D.octopetala;L;2006;30,58174454
LM_6_84;E.nigrum_B;E.nigrum;B;2006;23,67064739
LM_6_84;S.herbacea_Sb;S.herbacea;Sb;2006;37,68279908
LM_6_84;S.phylicifolia_Sb;S.phylicifolia;Sb;2006;0
LM_6_84;Vaccinium_B;Vaccinium;B;2006;0
LM_6_86;B.nana_C;B.nana;C;2006;0
LM_6_86;B.nana_IFR;B.nana;IFR;2006;0
LM_6_86;B.pubescens_C;B.pubescens;C;2006;0
LM_6_86;D.octopetala_L;D.octopetala;L;2006;47,12296348
LM_6_86;E.nigrum_B;E.nigrum;B;2006;6,513915782
LM_6_86;S.herbacea_Sb;S.herbacea;Sb;2006;0
LM_6_86;S.phylicifolia_Sb;S.phylicifolia;Sb;2006;0
LM_6_86;Vaccinium_B;Vaccinium;B;2006;0
LM_6_87;B.nana_C;B.nana;C;2006;0
LM_6_87;B.nana_IFR;B.nana;IFR;2006;0
LM_6_87;B.pubescens_C;B.pubescens;C;2006;0
LM_6_87;D.octopetala_L;D.octopetala;L;2006;0
LM_6_87;E.nigrum_B;E.nigrum;B;2006;0
LM_6_87;S.herbacea_Sb;S.herbacea;Sb;2006;68,18596828
LM_6_87;S.phylicifolia_Sb;S.phylicifolia;Sb;2006;0
LM_6_87;Vaccinium_B;Vaccinium;B;2006;0
LM_6_89;B.nana_C;B.nana;C;2006;0
LM_6_89;B.nana_IFR;B.nana;IFR;2006;0
LM_6_89;B.pubescens_C;B.pubescens;C;2006;0
LM_6_89;D.octopetala_L;D.octopetala;L;2006;0
LM_6_89;E.nigrum_B;E.nigrum;B;2006;15,62607057
LM_6_89;S.herbacea_Sb;S.herbacea;Sb;2006;74,91078566
LM_6_89;S.phylicifolia_Sb;S.phylicifolia;Sb;2006;0
LM_6_89;Vaccinium_B;Vaccinium;B;2006;0
LM_6_90;B.nana_C;B.nana;C;2006;0
LM_6_90;B.nana_IFR;B.nana;IFR;2006;0
LM_6_90;B.pubescens_C;B.pubescens;C;2006;0
LM_6_90;D.octopetala_L;D.octopetala;L;2006;21,78808642
LM_6_90;E.nigrum_B;E.nigrum;B;2006;0
LM_6_90;S.herbacea_Sb;S.herbacea;Sb;2006;52,27821341
LM_6_90;S.phylicifolia_Sb;S.phylicifolia;Sb;2006;0
LM_6_90;Vaccinium_B;Vaccinium;B;2006;0
LM_6_91;B.nana_C;B.nana;C;2006;0
LM_6_91;B.nana_IFR;B.nana;IFR;2006;0
LM_6_91;B.pubescens_C;B.pubescens;C;2006;0
LM_6_91;D.octopetala_L;D.octopetala;L;2006;30,49034359
LM_6_91;E.nigrum_B;E.nigrum;B;2006;0
LM_6_91;S.herbacea_Sb;S.herbacea;Sb;2006;0
LM_6_91;S.phylicifolia_Sb;S.phylicifolia;Sb;2006;0
LM_6_91;Vaccinium_B;Vaccinium;B;2006;0
LM_6_99;B.nana_C;B.nana;C;2006;0
LM_6_99;B.nana_IFR;B.nana;IFR;2006;0
LM_6_99;B.pubescens_C;B.pubescens;C;2006;0
LM_6_99;D.octopetala_L;D.octopetala;L;2006;0
LM_6_99;E.nigrum_B;E.nigrum;B;2006;0
LM_6_99;S.herbacea_Sb;S.herbacea;Sb;2006;0
LM_6_99;S.phylicifolia_Sb;S.phylicifolia;Sb;2006;0
LM_6_99;Vaccinium_B;Vaccinium;B;2006;40,18004115
LM_7_106;B.nana_C;B.nana;C;2007;0
LM_7_106;B.nana_IFR;B.nana;IFR;2007;0
LM_7_106;B.pubescens_C;B.pubescens;C;2007;0
LM_7_106;D.octopetala_L;D.octopetala;L;2007;0
LM_7_106;E.nigrum_B;E.nigrum;B;2007;0
LM_7_106;S.herbacea_Sb;S.herbacea;Sb;2007;0
LM_7_106;S.phylicifolia_Sb;S.phylicifolia;Sb;2007;0
LM_7_106;Vaccinium_B;Vaccinium;B;2007;15,25669104
LM_7_11;B.nana_C;B.nana;C;2007;0
LM_7_11;B.nana_IFR;B.nana;IFR;2007;0
LM_7_11;B.pubescens_C;B.pubescens;C;2007;0
LM_7_11;D.octopetala_L;D.octopetala;L;2007;0
LM_7_11;E.nigrum_B;E.nigrum;B;2007;3,579759128
LM_7_11;S.herbacea_Sb;S.herbacea;Sb;2007;0
LM_7_11;S.phylicifolia_Sb;S.phylicifolia;Sb;2007;0
LM_7_11;Vaccinium_B;Vaccinium;B;2007;0
LM_7_111;B.nana_C;B.nana;C;2007;0
LM_7_111;B.nana_IFR;B.nana;IFR;2007;0
LM_7_111;B.pubescens_C;B.pubescens;C;2007;0
LM_7_111;D.octopetala_L;D.octopetala;L;2007;0
LM_7_111;E.nigrum_B;E.nigrum;B;2007;68,52996506
LM_7_111;S.herbacea_Sb;S.herbacea;Sb;2007;0
LM_7_111;S.phylicifolia_Sb;S.phylicifolia;Sb;2007;0
LM_7_111;Vaccinium_B;Vaccinium;B;2007;0
LM_7_129;B.nana_C;B.nana;C;2007;0
LM_7_129;B.nana_IFR;B.nana;IFR;2007;0
LM_7_129;B.pubescens_C;B.pubescens;C;2007;0
LM_7_129;D.octopetala_L;D.octopetala;L;2007;24,16397297
LM_7_129;E.nigrum_B;E.nigrum;B;2007;0
LM_7_129;S.herbacea_Sb;S.herbacea;Sb;2007;0
LM_7_129;S.phylicifolia_Sb;S.phylicifolia;Sb;2007;0
LM_7_129;Vaccinium_B;Vaccinium;B;2007;0
LM_7_151;B.nana_C;B.nana;C;2007;0
LM_7_151;B.nana_IFR;B.nana;IFR;2007;0
LM_7_151;B.pubescens_C;B.pubescens;C;2007;3,069
LM_7_151;D.octopetala_L;D.octopetala;L;2007;0
LM_7_151;E.nigrum_B;E.nigrum;B;2007;0
LM_7_151;S.herbacea_Sb;S.herbacea;Sb;2007;0
LM_7_151;S.phylicifolia_Sb;S.phylicifolia;Sb;2007;0
LM_7_151;Vaccinium_B;Vaccinium;B;2007;0
LM_7_152;B.nana_C;B.nana;C;2007;0
LM_7_152;B.nana_IFR;B.nana;IFR;2007;0
LM_7_152;B.pubescens_C;B.pubescens;C;2007;75,613
LM_7_152;D.octopetala_L;D.octopetala;L;2007;0
LM_7_152;E.nigrum_B;E.nigrum;B;2007;0
LM_7_152;S.herbacea_Sb;S.herbacea;Sb;2007;0
LM_7_152;S.phylicifolia_Sb;S.phylicifolia;Sb;2007;0
LM_7_152;Vaccinium_B;Vaccinium;B;2007;0
LM_7_154;B.nana_C;B.nana;C;2007;0
LM_7_154;B.nana_IFR;B.nana;IFR;2007;0
LM_7_154;B.pubescens_C;B.pubescens;C;2007;93,936
LM_7_154;D.octopetala_L;D.octopetala;L;2007;0
LM_7_154;E.nigrum_B;E.nigrum;B;2007;0
LM_7_154;S.herbacea_Sb;S.herbacea;Sb;2007;0
LM_7_154;S.phylicifolia_Sb;S.phylicifolia;Sb;2007;0
LM_7_154;Vaccinium_B;Vaccinium;B;2007;0
LM_7_18;B.nana_C;B.nana;C;2007;0
LM_7_18;B.nana_IFR;B.nana;IFR;2007;0
LM_7_18;B.pubescens_C;B.pubescens;C;2007;0
LM_7_18;D.octopetala_L;D.octopetala;L;2007;0
LM_7_18;E.nigrum_B;E.nigrum;B;2007;0
LM_7_18;S.herbacea_Sb;S.herbacea;Sb;2007;0
LM_7_18;S.phylicifolia_Sb;S.phylicifolia;Sb;2007;0
LM_7_18;Vaccinium_B;Vaccinium;B;2007;100
LM_7_22;B.nana_C;B.nana;C;2007;0
LM_7_22;B.nana_IFR;B.nana;IFR;2007;0
LM_7_22;B.pubescens_C;B.pubescens;C;2007;0
LM_7_22;D.octopetala_L;D.octopetala;L;2007;0
LM_7_22;E.nigrum_B;E.nigrum;B;2007;0
LM_7_22;S.herbacea_Sb;S.herbacea;Sb;2007;0
LM_7_22;S.phylicifolia_Sb;S.phylicifolia;Sb;2007;0
LM_7_22;Vaccinium_B;Vaccinium;B;2007;31,59920681
LM_7_24;B.nana_C;B.nana;C;2007;0
LM_7_24;B.nana_IFR;B.nana;IFR;2007;54,06338636
LM_7_24;B.pubescens_C;B.pubescens;C;2007;0
LM_7_24;D.octopetala_L;D.octopetala;L;2007;0
LM_7_24;E.nigrum_B;E.nigrum;B;2007;0
LM_7_24;S.herbacea_Sb;S.herbacea;Sb;2007;0
LM_7_24;S.phylicifolia_Sb;S.phylicifolia;Sb;2007;0
LM_7_24;Vaccinium_B;Vaccinium;B;2007;0
LM_7_27;B.nana_C;B.nana;C;2007;0
LM_7_27;B.nana_IFR;B.nana;IFR;2007;0
LM_7_27;B.pubescens_C;B.pubescens;C;2007;0
LM_7_27;D.octopetala_L;D.octopetala;L;2007;0
LM_7_27;E.nigrum_B;E.nigrum;B;2007;0
LM_7_27;S.herbacea_Sb;S.herbacea;Sb;2007;0
LM_7_27;S.phylicifolia_Sb;S.phylicifolia;Sb;2007;0
LM_7_27;Vaccinium_B;Vaccinium;B;2007;66,03515179
LM_7_28;B.nana_C;B.nana;C;2007;0
LM_7_28;B.nana_IFR;B.nana;IFR;2007;20,56441837
LM_7_28;B.pubescens_C;B.pubescens;C;2007;0
LM_7_28;D.octopetala_L;D.octopetala;L;2007;23,69684333
LM_7_28;E.nigrum_B;E.nigrum;B;2007;0
LM_7_28;S.herbacea_Sb;S.herbacea;Sb;2007;0
LM_7_28;S.phylicifolia_Sb;S.phylicifolia;Sb;2007;0
LM_7_28;Vaccinium_B;Vaccinium;B;2007;24,98343274
LM_7_3;B.nana_C;B.nana;C;2007;0
LM_7_3;B.nana_IFR;B.nana;IFR;2007;0
LM_7_3;B.pubescens_C;B.pubescens;C;2007;0
LM_7_3;D.octopetala_L;D.octopetala;L;2007;47,81258754
LM_7_3;E.nigrum_B;E.nigrum;B;2007;0
LM_7_3;S.herbacea_Sb;S.herbacea;Sb;2007;0
LM_7_3;S.phylicifolia_Sb;S.phylicifolia;Sb;2007;0
LM_7_3;Vaccinium_B;Vaccinium;B;2007;0
LM_7_42;B.nana_C;B.nana;C;2007;0
LM_7_42;B.nana_IFR;B.nana;IFR;2007;0
LM_7_42;B.pubescens_C;B.pubescens;C;2007;0
LM_7_42;D.octopetala_L;D.octopetala;L;2007;0
LM_7_42;E.nigrum_B;E.nigrum;B;2007;0
LM_7_42;S.herbacea_Sb;S.herbacea;Sb;2007;0
LM_7_42;S.phylicifolia_Sb;S.phylicifolia;Sb;2007;0
LM_7_42;Vaccinium_B;Vaccinium;B;2007;82,11838706
LM_7_49;B.nana_C;B.nana;C;2007;0
LM_7_49;B.nana_IFR;B.nana;IFR;2007;49,88613282
LM_7_49;B.pubescens_C;B.pubescens;C;2007;0
LM_7_49;D.octopetala_L;D.octopetala;L;2007;0
LM_7_49;E.nigrum_B;E.nigrum;B;2007;0
LM_7_49;S.herbacea_Sb;S.herbacea;Sb;2007;0
LM_7_49;S.phylicifolia_Sb;S.phylicifolia;Sb;2007;0
LM_7_49;Vaccinium_B;Vaccinium;B;2007;0
LM_7_54;B.nana_C;B.nana;C;2007;0
LM_7_54;B.nana_IFR;B.nana;IFR;2007;0
LM_7_54;B.pubescens_C;B.pubescens;C;2007;0
LM_7_54;D.octopetala_L;D.octopetala;L;2007;22,31160387
LM_7_54;E.nigrum_B;E.nigrum;B;2007;0
LM_7_54;S.herbacea_Sb;S.herbacea;Sb;2007;0
LM_7_54;S.phylicifolia_Sb;S.phylicifolia;Sb;2007;0
LM_7_54;Vaccinium_B;Vaccinium;B;2007;0
LM_7_59;B.nana_C;B.nana;C;2007;0
LM_7_59;B.nana_IFR;B.nana;IFR;2007;0
LM_7_59;B.pubescens_C;B.pubescens;C;2007;0
LM_7_59;D.octopetala_L;D.octopetala;L;2007;24,6052291
LM_7_59;E.nigrum_B;E.nigrum;B;2007;35,77271551
LM_7_59;S.herbacea_Sb;S.herbacea;Sb;2007;0
LM_7_59;S.phylicifolia_Sb;S.phylicifolia;Sb;2007;0
LM_7_59;Vaccinium_B;Vaccinium;B;2007;0
LM_7_6;B.nana_C;B.nana;C;2007;0
LM_7_6;B.nana_IFR;B.nana;IFR;2007;0
LM_7_6;B.pubescens_C;B.pubescens;C;2007;0
LM_7_6;D.octopetala_L;D.octopetala;L;2007;38,10635749
LM_7_6;E.nigrum_B;E.nigrum;B;2007;0
LM_7_6;S.herbacea_Sb;S.herbacea;Sb;2007;0
LM_7_6;S.phylicifolia_Sb;S.phylicifolia;Sb;2007;0
LM_7_6;Vaccinium_B;Vaccinium;B;2007;30,81483888
LM_7_68;B.nana_C;B.nana;C;2007;0
LM_7_68;B.nana_IFR;B.nana;IFR;2007;0
LM_7_68;B.pubescens_C;B.pubescens;C;2007;0
LM_7_68;D.octopetala_L;D.octopetala;L;2007;15,33990776
LM_7_68;E.nigrum_B;E.nigrum;B;2007;80,07799318
LM_7_68;S.herbacea_Sb;S.herbacea;Sb;2007;0
LM_7_68;S.phylicifolia_Sb;S.phylicifolia;Sb;2007;0
LM_7_68;Vaccinium_B;Vaccinium;B;2007;0
LM_7_70;B.nana_C;B.nana;C;2007;0
LM_7_70;B.nana_IFR;B.nana;IFR;2007;0
LM_7_70;B.pubescens_C;B.pubescens;C;2007;0
LM_7_70;D.octopetala_L;D.octopetala;L;2007;0
LM_7_70;E.nigrum_B;E.nigrum;B;2007;0
LM_7_70;S.herbacea_Sb;S.herbacea;Sb;2007;0
LM_7_70;S.phylicifolia_Sb;S.phylicifolia;Sb;2007;0
LM_7_70;Vaccinium_B;Vaccinium;B;2007;96,24931806
LM_7_81;B.nana_C;B.nana;C;2007;0
LM_7_81;B.nana_IFR;B.nana;IFR;2007;0
LM_7_81;B.pubescens_C;B.pubescens;C;2007;0
LM_7_81;D.octopetala_L;D.octopetala;L;2007;25,06985861
LM_7_81;E.nigrum_B;E.nigrum;B;2007;0
LM_7_81;S.herbacea_Sb;S.herbacea;Sb;2007;0
LM_7_81;S.phylicifolia_Sb;S.phylicifolia;Sb;2007;0
LM_7_81;Vaccinium_B;Vaccinium;B;2007;0
LM_8_113;B.nana_C;B.nana;C;2008;0
LM_8_113;B.nana_IFR;B.nana;IFR;2008;0
LM_8_113;B.pubescens_C;B.pubescens;C;2008;0
LM_8_113;D.octopetala_L;D.octopetala;L;2008;0
LM_8_113;E.nigrum_B;E.nigrum;B;2008;0
LM_8_113;S.herbacea_Sb;S.herbacea;Sb;2008;0
LM_8_113;S.phylicifolia_Sb;S.phylicifolia;Sb;2008;0
LM_8_113;Vaccinium_B;Vaccinium;B;2008;44,94101633
LM_8_114;B.nana_C;B.nana;C;2008;0
LM_8_114;B.nana_IFR;B.nana;IFR;2008;0
LM_8_114;B.pubescens_C;B.pubescens;C;2008;0
LM_8_114;D.octopetala_L;D.octopetala;L;2008;0
LM_8_114;E.nigrum_B;E.nigrum;B;2008;27,22283205
LM_8_114;S.herbacea_Sb;S.herbacea;Sb;2008;0
LM_8_114;S.phylicifolia_Sb;S.phylicifolia;Sb;2008;0
LM_8_114;Vaccinium_B;Vaccinium;B;2008;0
LM_8_115;B.nana_C;B.nana;C;2008;0
LM_8_115;B.nana_IFR;B.nana;IFR;2008;0
LM_8_115;B.pubescens_C;B.pubescens;C;2008;0
LM_8_115;D.octopetala_L;D.octopetala;L;2008;0
LM_8_115;E.nigrum_B;E.nigrum;B;2008;0
LM_8_115;S.herbacea_Sb;S.herbacea;Sb;2008;0
LM_8_115;S.phylicifolia_Sb;S.phylicifolia;Sb;2008;0
LM_8_115;Vaccinium_B;Vaccinium;B;2008;34,68085106
LM_8_118;B.nana_C;B.nana;C;2008;0
LM_8_118;B.nana_IFR;B.nana;IFR;2008;41,41839985
LM_8_118;B.pubescens_C;B.pubescens;C;2008;0
LM_8_118;D.octopetala_L;D.octopetala;L;2008;0
LM_8_118;E.nigrum_B;E.nigrum;B;2008;0
LM_8_118;S.herbacea_Sb;S.herbacea;Sb;2008;0
LM_8_118;S.phylicifolia_Sb;S.phylicifolia;Sb;2008;0
LM_8_118;Vaccinium_B;Vaccinium;B;2008;0
LM_8_12;B.nana_C;B.nana;C;2008;0
LM_8_12;B.nana_IFR;B.nana;IFR;2008;0
LM_8_12;B.pubescens_C;B.pubescens;C;2008;0
LM_8_12;D.octopetala_L;D.octopetala;L;2008;0
LM_8_12;E.nigrum_B;E.nigrum;B;2008;0
LM_8_12;S.herbacea_Sb;S.herbacea;Sb;2008;0
LM_8_12;S.phylicifolia_Sb;S.phylicifolia;Sb;2008;0
LM_8_12;Vaccinium_B;Vaccinium;B;2008;43,09109519
LM_8_120;B.nana_C;B.nana;C;2008;0
LM_8_120;B.nana_IFR;B.nana;IFR;2008;0
LM_8_120;B.pubescens_C;B.pubescens;C;2008;0
LM_8_120;D.octopetala_L;D.octopetala;L;2008;0
LM_8_120;E.nigrum_B;E.nigrum;B;2008;16,54468028
LM_8_120;S.herbacea_Sb;S.herbacea;Sb;2008;0
LM_8_120;S.phylicifolia_Sb;S.phylicifolia;Sb;2008;0
LM_8_120;Vaccinium_B;Vaccinium;B;2008;0
LM_8_124;B.nana_C;B.nana;C;2008;28,59052428
LM_8_124;B.nana_IFR;B.nana;IFR;2008;0
LM_8_124;B.pubescens_C;B.pubescens;C;2008;0
LM_8_124;D.octopetala_L;D.octopetala;L;2008;17,45729987
LM_8_124;E.nigrum_B;E.nigrum;B;2008;0
LM_8_124;S.herbacea_Sb;S.herbacea;Sb;2008;0
LM_8_124;S.phylicifolia_Sb;S.phylicifolia;Sb;2008;0
LM_8_124;Vaccinium_B;Vaccinium;B;2008;0
LM_8_137;B.nana_C;B.nana;C;2008;0
LM_8_137;B.nana_IFR;B.nana;IFR;2008;0
LM_8_137;B.pubescens_C;B.pubescens;C;2008;0
LM_8_137;D.octopetala_L;D.octopetala;L;2008;24,09155837
LM_8_137;E.nigrum_B;E.nigrum;B;2008;21,69808034
LM_8_137;S.herbacea_Sb;S.herbacea;Sb;2008;0
LM_8_137;S.phylicifolia_Sb;S.phylicifolia;Sb;2008;0
LM_8_137;Vaccinium_B;Vaccinium;B;2008;0
LM_8_138;B.nana_C;B.nana;C;2008;21,51955857
LM_8_138;B.nana_IFR;B.nana;IFR;2008;66,04172222
LM_8_138;B.pubescens_C;B.pubescens;C;2008;0
LM_8_138;D.octopetala_L;D.octopetala;L;2008;0
LM_8_138;E.nigrum_B;E.nigrum;B;2008;0
LM_8_138;S.herbacea_Sb;S.herbacea;Sb;2008;0
LM_8_138;S.phylicifolia_Sb;S.phylicifolia;Sb;2008;0
LM_8_138;Vaccinium_B;Vaccinium;B;2008;0
LM_8_23;B.nana_C;B.nana;C;2008;0
LM_8_23;B.nana_IFR;B.nana;IFR;2008;0
LM_8_23;B.pubescens_C;B.pubescens;C;2008;35,63348416
LM_8_23;D.octopetala_L;D.octopetala;L;2008;0
LM_8_23;E.nigrum_B;E.nigrum;B;2008;0
LM_8_23;S.herbacea_Sb;S.herbacea;Sb;2008;0
LM_8_23;S.phylicifolia_Sb;S.phylicifolia;Sb;2008;0
LM_8_23;Vaccinium_B;Vaccinium;B;2008;0
LM_8_24;B.nana_C;B.nana;C;2008;0
LM_8_24;B.nana_IFR;B.nana;IFR;2008;0
LM_8_24;B.pubescens_C;B.pubescens;C;2008;0
LM_8_24;D.octopetala_L;D.octopetala;L;2008;0
LM_8_24;E.nigrum_B;E.nigrum;B;2008;0
LM_8_24;S.herbacea_Sb;S.herbacea;Sb;2008;0
LM_8_24;S.phylicifolia_Sb;S.phylicifolia;Sb;2008;0
LM_8_24;Vaccinium_B;Vaccinium;B;2008;79,63707487
LM_8_27;B.nana_C;B.nana;C;2008;0
LM_8_27;B.nana_IFR;B.nana;IFR;2008;0
LM_8_27;B.pubescens_C;B.pubescens;C;2008;92,42350891
LM_8_27;D.octopetala_L;D.octopetala;L;2008;0
LM_8_27;E.nigrum_B;E.nigrum;B;2008;0
LM_8_27;S.herbacea_Sb;S.herbacea;Sb;2008;0
LM_8_27;S.phylicifolia_Sb;S.phylicifolia;Sb;2008;0
LM_8_27;Vaccinium_B;Vaccinium;B;2008;0
LM_8_33;B.nana_C;B.nana;C;2008;0
LM_8_33;B.nana_IFR;B.nana;IFR;2008;0
LM_8_33;B.pubescens_C;B.pubescens;C;2008;0
LM_8_33;D.octopetala_L;D.octopetala;L;2008;0
LM_8_33;E.nigrum_B;E.nigrum;B;2008;15,78002245
LM_8_33;S.herbacea_Sb;S.herbacea;Sb;2008;0
LM_8_33;S.phylicifolia_Sb;S.phylicifolia;Sb;2008;0
LM_8_33;Vaccinium_B;Vaccinium;B;2008;0
LM_8_35;B.nana_C;B.nana;C;2008;24,24629059
LM_8_35;B.nana_IFR;B.nana;IFR;2008;0
LM_8_35;B.pubescens_C;B.pubescens;C;2008;0
LM_8_35;D.octopetala_L;D.octopetala;L;2008;0
LM_8_35;E.nigrum_B;E.nigrum;B;2008;0
LM_8_35;S.herbacea_Sb;S.herbacea;Sb;2008;0
LM_8_35;S.phylicifolia_Sb;S.phylicifolia;Sb;2008;0
LM_8_35;Vaccinium_B;Vaccinium;B;2008;0
LM_8_37;B.nana_C;B.nana;C;2008;0
LM_8_37;B.nana_IFR;B.nana;IFR;2008;0
LM_8_37;B.pubescens_C;B.pubescens;C;2008;99,48425051
LM_8_37;D.octopetala_L;D.octopetala;L;2008;0
LM_8_37;E.nigrum_B;E.nigrum;B;2008;0
LM_8_37;S.herbacea_Sb;S.herbacea;Sb;2008;0
LM_8_37;S.phylicifolia_Sb;S.phylicifolia;Sb;2008;0
LM_8_37;Vaccinium_B;Vaccinium;B;2008;0
LM_8_43;B.nana_C;B.nana;C;2008;0
LM_8_43;B.nana_IFR;B.nana;IFR;2008;11,87296795
LM_8_43;B.pubescens_C;B.pubescens;C;2008;0
LM_8_43;D.octopetala_L;D.octopetala;L;2008;0
LM_8_43;E.nigrum_B;E.nigrum;B;2008;0
LM_8_43;S.herbacea_Sb;S.herbacea;Sb;2008;0
LM_8_43;S.phylicifolia_Sb;S.phylicifolia;Sb;2008;0
LM_8_43;Vaccinium_B;Vaccinium;B;2008;0
LM_8_46;B.nana_C;B.nana;C;2008;0
LM_8_46;B.nana_IFR;B.nana;IFR;2008;0
LM_8_46;B.pubescens_C;B.pubescens;C;2008;0
LM_8_46;D.octopetala_L;D.octopetala;L;2008;0
LM_8_46;E.nigrum_B;E.nigrum;B;2008;19,93
LM_8_46;S.herbacea_Sb;S.herbacea;Sb;2008;0
LM_8_46;S.phylicifolia_Sb;S.phylicifolia;Sb;2008;0
LM_8_46;Vaccinium_B;Vaccinium;B;2008;34,10712305
LM_8_54;B.nana_C;B.nana;C;2008;43,87216693
LM_8_54;B.nana_IFR;B.nana;IFR;2008;0
LM_8_54;B.pubescens_C;B.pubescens;C;2008;0
LM_8_54;D.octopetala_L;D.octopetala;L;2008;0
LM_8_54;E.nigrum_B;E.nigrum;B;2008;26,62189711
LM_8_54;S.herbacea_Sb;S.herbacea;Sb;2008;0
LM_8_54;S.phylicifolia_Sb;S.phylicifolia;Sb;2008;0
LM_8_54;Vaccinium_B;Vaccinium;B;2008;0
LM_8_63;B.nana_C;B.nana;C;2008;0
LM_8_63;B.nana_IFR;B.nana;IFR;2008;0
LM_8_63;B.pubescens_C;B.pubescens;C;2008;0
LM_8_63;D.octopetala_L;D.octopetala;L;2008;37,33366343
LM_8_63;E.nigrum_B;E.nigrum;B;2008;0
LM_8_63;S.herbacea_Sb;S.herbacea;Sb;2008;0
LM_8_63;S.phylicifolia_Sb;S.phylicifolia;Sb;2008;0
LM_8_63;Vaccinium_B;Vaccinium;B;2008;0
LM_8_75;B.nana_C;B.nana;C;2008;0
LM_8_75;B.nana_IFR;B.nana;IFR;2008;59,34341392
LM_8_75;B.pubescens_C;B.pubescens;C;2008;0
LM_8_75;D.octopetala_L;D.octopetala;L;2008;0
LM_8_75;E.nigrum_B;E.nigrum;B;2008;0
LM_8_75;S.herbacea_Sb;S.herbacea;Sb;2008;0
LM_8_75;S.phylicifolia_Sb;S.phylicifolia;Sb;2008;0
LM_8_75;Vaccinium_B;Vaccinium;B;2008;0
LM_8_79;B.nana_C;B.nana;C;2008;0
LM_8_79;B.nana_IFR;B.nana;IFR;2008;0
LM_8_79;B.pubescens_C;B.pubescens;C;2008;0
LM_8_79;D.octopetala_L;D.octopetala;L;2008;96,10314075
LM_8_79;E.nigrum_B;E.nigrum;B;2008;0
LM_8_79;S.herbacea_Sb;S.herbacea;Sb;2008;0
LM_8_79;S.phylicifolia_Sb;S.phylicifolia;Sb;2008;0
LM_8_79;Vaccinium_B;Vaccinium;B;2008;0
LM_8_80;B.nana_C;B.nana;C;2008;0
LM_8_80;B.nana_IFR;B.nana;IFR;2008;0
LM_8_80;B.pubescens_C;B.pubescens;C;2008;81,31821914
LM_8_80;D.octopetala_L;D.octopetala;L;2008;0
LM_8_80;E.nigrum_B;E.nigrum;B;2008;0
LM_8_80;S.herbacea_Sb;S.herbacea;Sb;2008;0
LM_8_80;S.phylicifolia_Sb;S.phylicifolia;Sb;2008;0
LM_8_80;Vaccinium_B;Vaccinium;B;2008;0
LM_8_83;B.nana_C;B.nana;C;2008;0
LM_8_83;B.nana_IFR;B.nana;IFR;2008;0
LM_8_83;B.pubescens_C;B.pubescens;C;2008;0
LM_8_83;D.octopetala_L;D.octopetala;L;2008;0
LM_8_83;E.nigrum_B;E.nigrum;B;2008;0
LM_8_83;S.herbacea_Sb;S.herbacea;Sb;2008;0
LM_8_83;S.phylicifolia_Sb;S.phylicifolia;Sb;2008;0
LM_8_83;Vaccinium_B;Vaccinium;B;2008;18,53847481
LM_8_86;B.nana_C;B.nana;C;2008;0
LM_8_86;B.nana_IFR;B.nana;IFR;2008;0
LM_8_86;B.pubescens_C;B.pubescens;C;2008;95,33419375
LM_8_86;D.octopetala_L;D.octopetala;L;2008;0
LM_8_86;E.nigrum_B;E.nigrum;B;2008;0
LM_8_86;S.herbacea_Sb;S.herbacea;Sb;2008;0
LM_8_86;S.phylicifolia_Sb;S.phylicifolia;Sb;2008;0
LM_8_86;Vaccinium_B;Vaccinium;B;2008;0
LM_8_87;B.nana_C;B.nana;C;2008;59,61851874
LM_8_87;B.nana_IFR;B.nana;IFR;2008;0
LM_8_87;B.pubescens_C;B.pubescens;C;2008;0
LM_8_87;D.octopetala_L;D.octopetala;L;2008;0
LM_8_87;E.nigrum_B;E.nigrum;B;2008;0
LM_8_87;S.herbacea_Sb;S.herbacea;Sb;2008;0
LM_8_87;S.phylicifolia_Sb;S.phylicifolia;Sb;2008;0
LM_8_87;Vaccinium_B;Vaccinium;B;2008;0
LM_8_95;B.nana_C;B.nana;C;2008;0
LM_8_95;B.nana_IFR;B.nana;IFR;2008;0
LM_8_95;B.pubescens_C;B.pubescens;C;2008;0
LM_8_95;D.octopetala_L;D.octopetala;L;2008;0
LM_8_95;E.nigrum_B;E.nigrum;B;2008;0
LM_8_95;S.herbacea_Sb;S.herbacea;Sb;2008;0
LM_8_95;S.phylicifolia_Sb;S.phylicifolia;Sb;2008;0
LM_8_95;Vaccinium_B;Vaccinium;B;2008;35,36464635
LM_8_98;B.nana_C;B.nana;C;2008;0
LM_8_98;B.nana_IFR;B.nana;IFR;2008;39,89957341
LM_8_98;B.pubescens_C;B.pubescens;C;2008;0
LM_8_98;D.octopetala_L;D.octopetala;L;2008;0
LM_8_98;E.nigrum_B;E.nigrum;B;2008;0
LM_8_98;S.herbacea_Sb;S.herbacea;Sb;2008;0
LM_8_98;S.phylicifolia_Sb;S.phylicifolia;Sb;2008;0
LM_8_98;Vaccinium_B;Vaccinium;B;2008;24,89631473
LM_9_102;B.nana_C;B.nana;C;2009;0
LM_9_102;B.nana_IFR;B.nana;IFR;2009;0
LM_9_102;B.pubescens_C;B.pubescens;C;2009;0
LM_9_102;D.octopetala_L;D.octopetala;L;2009;0
LM_9_102;E.nigrum_B;E.nigrum;B;2009;21,58080115
LM_9_102;S.herbacea_Sb;S.herbacea;Sb;2009;0
LM_9_102;S.phylicifolia_Sb;S.phylicifolia;Sb;2009;0
LM_9_102;Vaccinium_B;Vaccinium;B;2009;0
LM_9_103;B.nana_C;B.nana;C;2009;0
LM_9_103;B.nana_IFR;B.nana;IFR;2009;0
LM_9_103;B.pubescens_C;B.pubescens;C;2009;0
LM_9_103;D.octopetala_L;D.octopetala;L;2009;0
LM_9_103;E.nigrum_B;E.nigrum;B;2009;0
LM_9_103;S.herbacea_Sb;S.herbacea;Sb;2009;0
LM_9_103;S.phylicifolia_Sb;S.phylicifolia;Sb;2009;0
LM_9_103;Vaccinium_B;Vaccinium;B;2009;81,01925631
LM_9_106;B.nana_C;B.nana;C;2009;0
LM_9_106;B.nana_IFR;B.nana;IFR;2009;0
LM_9_106;B.pubescens_C;B.pubescens;C;2009;0
LM_9_106;D.octopetala_L;D.octopetala;L;2009;0
LM_9_106;E.nigrum_B;E.nigrum;B;2009;20,48393055
LM_9_106;S.herbacea_Sb;S.herbacea;Sb;2009;0
LM_9_106;S.phylicifolia_Sb;S.phylicifolia;Sb;2009;0
LM_9_106;Vaccinium_B;Vaccinium;B;2009;0
LM_9_13;B.nana_C;B.nana;C;2009;0
LM_9_13;B.nana_IFR;B.nana;IFR;2009;0
LM_9_13;B.pubescens_C;B.pubescens;C;2009;0
LM_9_13;D.octopetala_L;D.octopetala;L;2009;0
LM_9_13;E.nigrum_B;E.nigrum;B;2009;22,22522279
LM_9_13;S.herbacea_Sb;S.herbacea;Sb;2009;0
LM_9_13;S.phylicifolia_Sb;S.phylicifolia;Sb;2009;0
LM_9_13;Vaccinium_B;Vaccinium;B;2009;0
LM_9_139;B.nana_C;B.nana;C;2009;0
LM_9_139;B.nana_IFR;B.nana;IFR;2009;39,84553887
LM_9_139;B.pubescens_C;B.pubescens;C;2009;0
LM_9_139;D.octopetala_L;D.octopetala;L;2009;0
LM_9_139;E.nigrum_B;E.nigrum;B;2009;0
LM_9_139;S.herbacea_Sb;S.herbacea;Sb;2009;0
LM_9_139;S.phylicifolia_Sb;S.phylicifolia;Sb;2009;0
LM_9_139;Vaccinium_B;Vaccinium;B;2009;28,14064501
LM_9_14;B.nana_C;B.nana;C;2009;0
LM_9_14;B.nana_IFR;B.nana;IFR;2009;0
LM_9_14;B.pubescens_C;B.pubescens;C;2009;0
LM_9_14;D.octopetala_L;D.octopetala;L;2009;0
LM_9_14;E.nigrum_B;E.nigrum;B;2009;13,63892334
LM_9_14;S.herbacea_Sb;S.herbacea;Sb;2009;0
LM_9_14;S.phylicifolia_Sb;S.phylicifolia;Sb;2009;0
LM_9_14;Vaccinium_B;Vaccinium;B;2009;0
LM_9_15;B.nana_C;B.nana;C;2009;0
LM_9_15;B.nana_IFR;B.nana;IFR;2009;0
LM_9_15;B.pubescens_C;B.pubescens;C;2009;0
LM_9_15;D.octopetala_L;D.octopetala;L;2009;0
LM_9_15;E.nigrum_B;E.nigrum;B;2009;0
LM_9_15;S.herbacea_Sb;S.herbacea;Sb;2009;0
LM_9_15;S.phylicifolia_Sb;S.phylicifolia;Sb;2009;0
LM_9_15;Vaccinium_B;Vaccinium;B;2009;21,84460654
LM_9_16;B.nana_C;B.nana;C;2009;0
LM_9_16;B.nana_IFR;B.nana;IFR;2009;58,86052214
LM_9_16;B.pubescens_C;B.pubescens;C;2009;0
LM_9_16;D.octopetala_L;D.octopetala;L;2009;0
LM_9_16;E.nigrum_B;E.nigrum;B;2009;0
LM_9_16;S.herbacea_Sb;S.herbacea;Sb;2009;0
LM_9_16;S.phylicifolia_Sb;S.phylicifolia;Sb;2009;0
LM_9_16;Vaccinium_B;Vaccinium;B;2009;0
LM_9_166;B.nana_C;B.nana;C;2009;42,24712882
LM_9_166;B.nana_IFR;B.nana;IFR;2009;0
LM_9_166;B.pubescens_C;B.pubescens;C;2009;0
LM_9_166;D.octopetala_L;D.octopetala;L;2009;0
LM_9_166;E.nigrum_B;E.nigrum;B;2009;0
LM_9_166;S.herbacea_Sb;S.herbacea;Sb;2009;0
LM_9_166;S.phylicifolia_Sb;S.phylicifolia;Sb;2009;0
LM_9_166;Vaccinium_B;Vaccinium;B;2009;0
LM_9_17;B.nana_C;B.nana;C;2009;0
LM_9_17;B.nana_IFR;B.nana;IFR;2009;0
LM_9_17;B.pubescens_C;B.pubescens;C;2009;0
LM_9_17;D.octopetala_L;D.octopetala;L;2009;0
LM_9_17;E.nigrum_B;E.nigrum;B;2009;0
LM_9_17;S.herbacea_Sb;S.herbacea;Sb;2009;0
LM_9_17;S.phylicifolia_Sb;S.phylicifolia;Sb;2009;0
LM_9_17;Vaccinium_B;Vaccinium;B;2009;77,61422515
LM_9_2;B.nana_C;B.nana;C;2009;0
LM_9_2;B.nana_IFR;B.nana;IFR;2009;0
LM_9_2;B.pubescens_C;B.pubescens;C;2009;0
LM_9_2;D.octopetala_L;D.octopetala;L;2009;0
LM_9_2;E.nigrum_B;E.nigrum;B;2009;7,348675674
LM_9_2;S.herbacea_Sb;S.herbacea;Sb;2009;0
LM_9_2;S.phylicifolia_Sb;S.phylicifolia;Sb;2009;0
LM_9_2;Vaccinium_B;Vaccinium;B;2009;0
LM_9_22;B.nana_C;B.nana;C;2009;0
LM_9_22;B.nana_IFR;B.nana;IFR;2009;0
LM_9_22;B.pubescens_C;B.pubescens;C;2009;62,43170174
LM_9_22;D.octopetala_L;D.octopetala;L;2009;0
LM_9_22;E.nigrum_B;E.nigrum;B;2009;0
LM_9_22;S.herbacea_Sb;S.herbacea;Sb;2009;0
LM_9_22;S.phylicifolia_Sb;S.phylicifolia;Sb;2009;0
LM_9_22;Vaccinium_B;Vaccinium;B;2009;0
LM_9_36;B.nana_C;B.nana;C;2009;0
LM_9_36;B.nana_IFR;B.nana;IFR;2009;0
LM_9_36;B.pubescens_C;B.pubescens;C;2009;0
LM_9_36;D.octopetala_L;D.octopetala;L;2009;40,52805281
LM_9_36;E.nigrum_B;E.nigrum;B;2009;0
LM_9_36;S.herbacea_Sb;S.herbacea;Sb;2009;0
LM_9_36;S.phylicifolia_Sb;S.phylicifolia;Sb;2009;0
LM_9_36;Vaccinium_B;Vaccinium;B;2009;0
LM_9_4;B.nana_C;B.nana;C;2009;0
LM_9_4;B.nana_IFR;B.nana;IFR;2009;0
LM_9_4;B.pubescens_C;B.pubescens;C;2009;0
LM_9_4;D.octopetala_L;D.octopetala;L;2009;0
LM_9_4;E.nigrum_B;E.nigrum;B;2009;44,47515005
LM_9_4;S.herbacea_Sb;S.herbacea;Sb;2009;0
LM_9_4;S.phylicifolia_Sb;S.phylicifolia;Sb;2009;0
LM_9_4;Vaccinium_B;Vaccinium;B;2009;0
LM_9_42;B.nana_C;B.nana;C;2009;0
LM_9_42;B.nana_IFR;B.nana;IFR;2009;0
LM_9_42;B.pubescens_C;B.pubescens;C;2009;0
LM_9_42;D.octopetala_L;D.octopetala;L;2009;0
LM_9_42;E.nigrum_B;E.nigrum;B;2009;0
LM_9_42;S.herbacea_Sb;S.herbacea;Sb;2009;0
LM_9_42;S.phylicifolia_Sb;S.phylicifolia;Sb;2009;0
LM_9_42;Vaccinium_B;Vaccinium;B;2009;15,10657856
LM_9_43;B.nana_C;B.nana;C;2009;0
LM_9_43;B.nana_IFR;B.nana;IFR;2009;0
LM_9_43;B.pubescens_C;B.pubescens;C;2009;0
LM_9_43;D.octopetala_L;D.octopetala;L;2009;0
LM_9_43;E.nigrum_B;E.nigrum;B;2009;14,04
LM_9_43;S.herbacea_Sb;S.herbacea;Sb;2009;0
LM_9_43;S.phylicifolia_Sb;S.phylicifolia;Sb;2009;0
LM_9_43;Vaccinium_B;Vaccinium;B;2009;0
LM_9_49;B.nana_C;B.nana;C;2009;27,10135817
LM_9_49;B.nana_IFR;B.nana;IFR;2009;0
LM_9_49;B.pubescens_C;B.pubescens;C;2009;0
LM_9_49;D.octopetala_L;D.octopetala;L;2009;0
LM_9_49;E.nigrum_B;E.nigrum;B;2009;0
LM_9_49;S.herbacea_Sb;S.herbacea;Sb;2009;0
LM_9_49;S.phylicifolia_Sb;S.phylicifolia;Sb;2009;0
LM_9_49;Vaccinium_B;Vaccinium;B;2009;0
LM_9_5;B.nana_C;B.nana;C;2009;0
LM_9_5;B.nana_IFR;B.nana;IFR;2009;0
LM_9_5;B.pubescens_C;B.pubescens;C;2009;0
LM_9_5;D.octopetala_L;D.octopetala;L;2009;0
LM_9_5;E.nigrum_B;E.nigrum;B;2009;0
LM_9_5;S.herbacea_Sb;S.herbacea;Sb;2009;0
LM_9_5;S.phylicifolia_Sb;S.phylicifolia;Sb;2009;0
LM_9_5;Vaccinium_B;Vaccinium;B;2009;76,1823544
LM_9_54;B.nana_C;B.nana;C;2009;0
LM_9_54;B.nana_IFR;B.nana;IFR;2009;0
LM_9_54;B.pubescens_C;B.pubescens;C;2009;0
LM_9_54;D.octopetala_L;D.octopetala;L;2009;0
LM_9_54;E.nigrum_B;E.nigrum;B;2009;0
LM_9_54;S.herbacea_Sb;S.herbacea;Sb;2009;0
LM_9_54;S.phylicifolia_Sb;S.phylicifolia;Sb;2009;0
LM_9_54;Vaccinium_B;Vaccinium;B;2009;72,19288983
LM_9_81;B.nana_C;B.nana;C;2009;0
LM_9_81;B.nana_IFR;B.nana;IFR;2009;37,6888288
LM_9_81;B.pubescens_C;B.pubescens;C;2009;0
LM_9_81;D.octopetala_L;D.octopetala;L;2009;0
LM_9_81;E.nigrum_B;E.nigrum;B;2009;0
LM_9_81;S.herbacea_Sb;S.herbacea;Sb;2009;0
LM_9_81;S.phylicifolia_Sb;S.phylicifolia;Sb;2009;0
LM_9_81;Vaccinium_B;Vaccinium;B;2009;31,04718389
LM_9_84;B.nana_C;B.nana;C;2009;0
LM_9_84;B.nana_IFR;B.nana;IFR;2009;0
LM_9_84;B.pubescens_C;B.pubescens;C;2009;0
LM_9_84;D.octopetala_L;D.octopetala;L;2009;6,614845723
LM_9_84;E.nigrum_B;E.nigrum;B;2009;0
LM_9_84;S.herbacea_Sb;S.herbacea;Sb;2009;0
LM_9_84;S.phylicifolia_Sb;S.phylicifolia;Sb;2009;0
LM_9_84;Vaccinium_B;Vaccinium;B;2009;0
LM_9_87;B.nana_C;B.nana;C;2009;21,77621676
LM_9_87;B.nana_IFR;B.nana;IFR;2009;0
LM_9_87;B.pubescens_C;B.pubescens;C;2009;0
LM_9_87;D.octopetala_L;D.octopetala;L;2009;0
LM_9_87;E.nigrum_B;E.nigrum;B;2009;0
LM_9_87;S.herbacea_Sb;S.herbacea;Sb;2009;0
LM_9_87;S.phylicifolia_Sb;S.phylicifolia;Sb;2009;0
LM_9_87;Vaccinium_B;Vaccinium;B;2009;0
LM_9_89;B.nana_C;B.nana;C;2009;37,96931217
LM_9_89;B.nana_IFR;B.nana;IFR;2009;15,26948854
LM_9_89;B.pubescens_C;B.pubescens;C;2009;0
LM_9_89;D.octopetala_L;D.octopetala;L;2009;0
LM_9_89;E.nigrum_B;E.nigrum;B;2009;0
LM_9_89;S.herbacea_Sb;S.herbacea;Sb;2009;0
LM_9_89;S.phylicifolia_Sb;S.phylicifolia;Sb;2009;35,33262787
LM_9_89;Vaccinium_B;Vaccinium;B;2009;0
LM_9_9;B.nana_C;B.nana;C;2009;0
LM_9_9;B.nana_IFR;B.nana;IFR;2009;0
LM_9_9;B.pubescens_C;B.pubescens;C;2009;0
LM_9_9;D.octopetala_L;D.octopetala;L;2009;0
LM_9_9;E.nigrum_B;E.nigrum;B;2009;0
LM_9_9;S.herbacea_Sb;S.herbacea;Sb;2009;0
LM_9_9;S.phylicifolia_Sb;S.phylicifolia;Sb;2009;0
LM_9_9;Vaccinium_B;Vaccinium;B;2009;78,14930016
LM_9_90;B.nana_C;B.nana;C;2009;0
LM_9_90;B.nana_IFR;B.nana;IFR;2009;52,35572829
LM_9_90;B.pubescens_C;B.pubescens;C;2009;0
LM_9_90;D.octopetala_L;D.octopetala;L;2009;0
LM_9_90;E.nigrum_B;E.nigrum;B;2009;0
LM_9_90;S.herbacea_Sb;S.herbacea;Sb;2009;0
LM_9_90;S.phylicifolia_Sb;S.phylicifolia;Sb;2009;0
LM_9_90;Vaccinium_B;Vaccinium;B;2009;0
LM_9_92;B.nana_C;B.nana;C;2009;48,13885046
LM_9_92;B.nana_IFR;B.nana;IFR;2009;0
LM_9_92;B.pubescens_C;B.pubescens;C;2009;0
LM_9_92;D.octopetala_L;D.octopetala;L;2009;0
LM_9_92;E.nigrum_B;E.nigrum;B;2009;6,378400533
LM_9_92;S.herbacea_Sb;S.herbacea;Sb;2009;0
LM_9_92;S.phylicifolia_Sb;S.phylicifolia;Sb;2009;30,1643413
LM_9_92;Vaccinium_B;Vaccinium;B;2009;0
LM_9_93;B.nana_C;B.nana;C;2009;0
LM_9_93;B.nana_IFR;B.nana;IFR;2009;40,21133787
LM_9_93;B.pubescens_C;B.pubescens;C;2009;0
LM_9_93;D.octopetala_L;D.octopetala;L;2009;0
LM_9_93;E.nigrum_B;E.nigrum;B;2009;0
LM_9_93;S.herbacea_Sb;S.herbacea;Sb;2009;0
LM_9_93;S.phylicifolia_Sb;S.phylicifolia;Sb;2009;8,89
LM_9_93;Vaccinium_B;Vaccinium;B;2009;0
